name,position,goals,shots
Aaron Connolly,FW,5,59
Aaron Cresswell,DF,4,69
Aaron Hunt,MF,3,30
Aaron Lennon,MF,1,5
Aaron Leya Iseka,FW,10,76
Aaron Mooy,MF,7,72
Aaron Ramsdale,GK,0,0
Aaron Ramsey,MF,16,141
Aaron Wan-Bissaka,DF,2,23
Aarón Martín,DF,0,37
Abdelhamid Sabiri,MF,4,43
Abdou Diallo,DF,3,30
Abdoul Kader Bamba,FW,4,34
Abdoulaye Ba,DF,1,9
Abdoulaye Bamba,DF,0,12
Abdoulaye Doucouré,MF,18,176
Abdoulaye Touré,MF,9,157
Abdón Prats,FW,0,11
Achraf Hakimi,DF,14,96
Adam Bodzek,MF,0,11
Adam Lallana,MF,2,27
Adam Marusic,DF,8,93
Adam Masina,DF,1,31
Adam Ounas,FW,9,73
Adam Smith,DF,2,24
Adam Webster,DF,4,41
Adama Mbengue,DF,0,14
Adama Niane,FW,8,74
Adama Soumaoro,DF,1,8
Adama Traoré,FW,1,17
Adama Traoré,FW,7,105
Adel Taarabt,FW,2,33
Adem Ljajic,MF,6,62
Ademola Lookman,FW,4,81
Adil Aouchiche,MF,2,26
Adil Rami,DF,2,30
Admir Mehmedi,MF,8,65
Adnan Januzaj,FW,12,146
Adolfo Gaich,FW,2,24
Adrian Grbic,FW,4,34
Adrian Mariappa,DF,0,20
Adrian Stoian,MF,2,19
Adrien Hunou,FW,24,100
Adrien Rabiot,MF,6,76
Adrien Tameze,MF,1,44
Adrien Thomasson,MF,22,209
Adrien Truffert,DF,1,24
Adrián,DF,6,63
Adrián Cubas,MF,1,11
Adrián Embarba,FW,7,88
Aduriz,FW,11,81
Afriyie Acquah,MF,3,31
Ahmed Benali,MF,0,10
Ahmed Elmohamady,DF,1,5
Ahmed Hegazy,DF,2,14
Ahmed Kutucu,FW,3,16
Aihen Muñoz,DF,0,4
Ainsley Maitland-Niles,DF,1,26
Aissa Mandi,DF,5,39
Aitor Fernández,GK,0,0
Aitor Ruibal,FW,2,49
Alassane Pléa,FW,44,329
Alban Lafont,GK,0,1
Albano Bizzarri,GK,0,0
Alberto Aquilani,MF,0,12
Alberto Cerri,FW,1,40
Alberto García,GK,0,0
Alberto Grassi,MF,4,57
Alberto Moreno,DF,0,21
Alberto Paloschi,FW,9,36
Alberto Perea,MF,2,28
Alberto Soro,FW,1,2
Albin Ekdal,MF,2,53
Aleandro Rosi,DF,0,12
Aleix Febas,MF,0,8
Aleix García,MF,3,30
Aleix Vidal,MF,3,31
Alejandro Pozo,DF,1,18
Aleksandar Dragovic,DF,3,10
Aleksandar Kolarov,DF,17,177
Aleksandar Mitrovic,FW,14,190
Aleksandr Golovin,MF,11,115
Aleksey Miranchuk,FW,4,15
Alen Halilovic,FW,2,38
Alessandro Bastoni,DF,3,22
Alessandro Deiola,MF,0,14
Alessandro Florenzi,DF,6,95
Alessandro Gamberini,DF,0,4
Alessandro Matri,FW,5,47
Alessandro Murgia,MF,0,48
Alessandro Schöpf,MF,1,52
Alessandro Tuia,DF,1,8
Alessio Cerci,FW,3,42
Alessio Cragno,GK,0,0
Alessio Romagnoli,DF,6,50
Alex Berenguer,MF,17,124
Alex Cordaz,GK,0,0
Alex Ferrari,DF,1,8
Alex Iwobi,FW,8,118
Alex McCarthy,GK,0,0
Alex Meret,GK,0,0
Alex Oxlade-Chamberlain,MF,7,87
Alex Pritchard,MF,2,47
Alexander Djiku,DF,2,61
Alexander Esswein,FW,2,38
Alexander Hack,FW,2,20
Alexander Isak,FW,25,125
Alexander Nübel,GK,0,0
Alexander Schwolow,GK,0,1
Alexander Sørloth,FW,5,48
Alexander Tettey,MF,1,23
Alexandre Lacazette,FW,50,245
Alexandre Mendy,FW,10,79
Alexandre Oukidja,GK,0,0
Alexandru Maxim,MF,3,43
Alexis Blin,MF,2,19
Alexis Claude Maurice,MF,5,73
Alexis Mac Allister,MF,1,24
Alexis Saelemaekers,FW,2,28
Alexis Sánchez,FW,12,68
Alfie Mawson,DF,2,21
Alfred Duncan,MF,4,73
Alfred Finnbogason,FW,25,123
Alfred Gomis,GK,0,0
Alfredo Donnarumma,FW,7,42
Alfredo Morales,MF,2,39
Alireza Jahanbakhsh,FW,0,39
Alisson,GK,1,1
Allan,MF,7,81
Allan Saint-Maximin,FW,15,190
Almamy Touré,DF,3,38
Alois Confais,MF,0,2
Alphonse Areola,GK,0,0
Alphonso Davies,DF,4,16
Amadou Diawara,MF,3,23
Amadou Haidara,MF,3,61
Amadou Traoré,MF,0,3
Ambroise Oyongo,DF,2,22
Amer Gojak,MF,1,8
Amin Younes,MF,3,33
Amine Gouiri,FW,12,80
Amine Harit,MF,12,88
Amir Rrahmani,DF,1,48
Amos Pieper,DF,1,15
Anaitz Arbilla,DF,4,77
Anastasios Donis,FW,7,83
Ander Barrenetxea,MF,4,38
Ander Capa,DF,5,43
Ander Guevara,MF,1,9
Ander Herrera,MF,3,54
Anderson-Lenda Lucoqui,DF,0,8
Andoni Gorosabel,DF,0,9
Andre Gray,FW,14,88
Andre Hoffmann,DF,2,14
Andrea Barberis,MF,2,25
Andrea Barzagli,DF,0,1
Andrea Beghetto,DF,0,23
Andrea Belotti,FW,53,419
Andrea Bertolacci,MF,1,16
Andrea Carboni,DF,0,5
Andrea Cistana,DF,1,6
Andrea Consigli,DF,0,0
Andrea Conti,DF,0,1
Andrea Costa,DF,0,9
Andrea Favilli,FW,0,14
Andrea Masiello,DF,4,42
Andrea Nalini,FW,0,21
Andrea Petagna,FW,36,267
Andrea Pinamonti,FW,10,112
Andrea Poli,MF,9,71
Andrea Raggi,DF,1,5
Andrea Rispoli,DF,0,17
Andreas Beck,DF,1,20
Andreas Cornelius,FW,19,130
Andreas Luthe,GK,0,0
Andreas Pereira,MF,3,65
Andreas Skov Olsen,FW,3,50
Andreas Voglsammer,FW,2,32
Andrei Girotto,MF,5,101
Andrej Galabinov,FW,3,33
Andrej Kramaric,FW,62,332
Andrew Gravillon,DF,1,14
Andrew Hjulsager,MF,0,2
Andrew Robertson,DF,4,69
Andrew Surman,MF,2,27
Andrija Balic,MF,0,16
Andriy Yarmolenko,FW,8,64
Andros Townsend,MF,10,173
André Carrillo,FW,1,23
André Gomes,MF,1,40
André Hahn,FW,16,138
André Schürrle,FW,7,91
Andrés Fernández,GK,0,0
Andrés Guardado,MF,3,82
Andrés Iniesta,MF,1,16
Andrés Tello,MF,1,7
Andy Carroll,FW,4,57
Andy Delort,FW,43,363
Andy Pelmard,DF,0,2
Angelino,DF,4,35
Angelo Fulgini,MF,15,163
Angelo Ogbonna,DF,7,49
Ante Budimir,FW,30,132
Ante Rebic,FW,37,193
Anthony Briancon,DF,3,44
Anthony Caci,DF,0,14
Anthony Goncalves,MF,5,35
Anthony Knockaert,MF,5,73
Anthony Limbombe,FW,1,42
Anthony Lopes,GK,0,0
Anthony Lozano,FW,3,58
Anthony Martial,FW,40,210
Anthony Modeste,FW,4,35
Anthony Racioppi,GK,0,0
Anthony Ujah,FW,7,46
Antoine Griezmann,FW,56,311
Antonee Robinson,DF,0,10
Antonin Barak,MF,16,121
Antonin Bobichon,MF,7,58
Antonino Barillà,MF,4,36
Antonino Ragusa,FW,0,21
Antonio Adán,GK,0,0
Antonio Barragán,DF,0,15
Antonio Barreca,DF,0,6
Antonio Candreva,FW,11,192
Antonio Caracciolo,DF,2,16
Antonio La Gumina,FW,2,26
Antonio Luna,DF,0,8
Antonio Mirante,GK,0,1
Antonio Rukavina,DF,0,2
Antonio Rüdiger,DF,6,69
Antonio Sanabria,FW,20,122
Antonio Sanabria,FW,2,17
Antonio Valencia,DF,3,16
Anwar El Ghazi,FW,18,178
Arbër Zeneli,MF,6,46
Ardian Ismajli,DF,1,6
Aridane Hernández,DF,3,14
Aritz Elustondo,DF,5,35
Arjen Robben,FW,5,51
Arkadiusz Milik,FW,42,248
Arkadiusz Reca,DF,2,49
Arlind Ajeti,DF,0,8
Armand Lauriente,FW,3,58
Armando Izzo,DF,8,54
Arnaud Kalimuendo Muinga,FW,7,34
Arnaud Lusamba,MF,1,6
Arnaud Nordin,MF,8,99
Arnaud Souquet,DF,3,27
Arne Maier,MF,0,44
Arthur,MF,4,17
Arthur Masuaku,DF,0,18
Artur Ionita,MF,3,79
Arturo Calabresi,DF,2,7
Arturo Vidal,MF,18,118
Ashley Barnes,FW,30,204
Ashley Westwood,MF,7,62
Ashley Williams,DF,1,13
Ashley Young,DF,9,60
Asier Illarramendi,MF,8,49
Asier Villalibre,FW,7,55
Asmir Begovic,GK,0,0
Assane Diousse,MF,1,10
Atakan Karazor,DF,0,3
Augusto Solari,MF,2,5
Aurelien Tchouameni,MF,2,54
Aurélien Chedjou,DF,0,8
Axel Disasi,DF,4,33
Aymen Barkok,MF,2,19
Aymeric Laporte,DF,4,44
Ayoze Pérez,MF,30,193
Aïmen Moueffek,DF,0,1
Bafode Diakite,DF,2,10
Baissama Sankoh,MF,0,7
Bakary Koné,DF,2,10
Bakary Sako,FW,3,17
Bakaye Dibassy,DF,4,27
Balenziaga,DF,0,6
Baptiste Guillaume,FW,1,7
Baptiste Guillaume,FW,2,17
Baptiste Reynet,GK,0,2
Baptiste Santamaria,MF,3,107
Bartlomiej Dragowski,GK,0,0
Bartosz Bereszynski,DF,1,33
Bartosz Bialek,FW,2,8
Bartosz Salamon,DF,0,22
Bas Dost,FW,8,32
Bassem Srarfi,FW,4,35
Bastian Oczipka,DF,1,44
Bastos,DF,6,27
Ben Chilwell,DF,6,71
Ben Davies,DF,2,42
Ben Foster,GK,0,2
Ben Godfrey,DF,0,29
Ben Mee,DF,3,84
Ben Osborn,MF,1,10
Ben White,DF,0,10
Ben Zolinski,FW,3,19
Benik Afobe,FW,0,7
Benito Raman,FW,16,115
Benjamin André,MF,8,94
Benjamin Bourigeaud,MF,24,219
Benjamin Corgnet,MF,1,46
Benjamin Henrichs,DF,1,28
Benjamin Hübner,DF,4,49
Benjamin Jeannot,FW,6,72
Benjamin Lecomte,GK,0,0
Benjamin Mendy,DF,0,10
Benjamin Nivet,MF,2,17
Benjamin Pavard,DF,6,57
Benjamin Stambouli,DF,0,5
Benno Schmitz,DF,0,2
Benoit Costil,GK,0,0
Beram Kayal,MF,1,9
Berat Gjimshiti,DF,3,61
Berkay Özcan,MF,1,12
Bernardo,DF,1,20
Bernardo Silva,MF,21,167
Bernd Leno,GK,0,0
Bersant Celina,MF,0,24
Bertrand Traoré,FW,28,245
Beñat,MF,1,28
Billy Sharp,FW,6,25
Bingourou Kamara,GK,0,0
Birger Meling,DF,2,13
Björn Engels,DF,2,17
Blaise Matuidi,MF,6,57
Blerim Dzemaili,MF,2,57
Bobby Reid,MF,10,61
Bobby Wood,FW,5,57
Bongani Zungu,MF,2,14
Borja Iglesias,FW,31,163
Borja Mayoral,FW,21,111
Borja Sainz,MF,1,10
Borja Valero,MF,4,46
Borja Valle,FW,3,15
Borna Sosa,DF,0,14
Boschilia,FW,4,40
Boubacar Kamara,MF,2,45
Boubakary Soumare,MF,1,12
Boulaye Dia,FW,24,121
Bouna Sarr,DF,2,65
Brais Méndez,MF,16,167
Bram Nuytinck,DF,3,27
Brandon Williams,DF,1,6
Breel Embolo,FW,21,131
Bremer,DF,8,40
Brendan Chardonnet,DF,3,21
Brice Samba,GK,0,0
Bruma,DF,4,41
Bruno,DF,1,16
Bruno Ecuele Manga,DF,2,58
Bruno Fernandes,MF,18,121
Bruno Guimarães,MF,3,27
Bruno Martella,DF,1,34
Bruno Martins Indi,DF,0,4
Bruno Petkovic,FW,0,15
Bruno Zuculini,MF,2,7
Bryan Cristante,MF,15,178
Bryan Dabo,MF,4,48
Bryan Pelé,FW,2,21
Bukayo Saka,FW,6,74
Burak Yilmaz,FW,16,66
Burgui,MF,2,23
Cabral,DF,1,27
Caglar Söyüncü,DF,3,36
Caiuby,FW,5,74
Cala,DF,5,31
Callum Hudson-Odoi,FW,3,44
Callum Paterson,FW,4,41
Callum Robinson,FW,6,43
Callum Wilson,FW,42,221
Calum Chambers,MF,2,35
Camillo Ciano,FW,7,77
Carles Aleñá,MF,5,58
Carles Pérez,FW,2,23
Carlos Bacca,FW,28,142
Carlos Clerc,DF,0,10
Carlos Fernández,FW,11,47
Carlos Gruezo,MF,0,16
Carlos Neva,DF,0,16
Carlos Salcedo,DF,0,6
Carlos Soler,MF,16,141
Casemiro,MF,18,163
Cedric Teuchert,FW,3,24
Celso Borges,MF,3,32
Cengiz Ünder,FW,13,112
Cenk Tosun,FW,3,37
Cesc Fàbregas,MF,4,57
Chadrac Akolo,FW,7,56
Charalampos Lykogiannis,DF,4,42
Charles Aránguiz,MF,4,77
Charles Traore,DF,1,19
Charlie Austin,FW,9,79
Charlie Daniels,DF,2,32
Charlie Taylor,DF,0,10
Che Adams,FW,13,91
Cheick Doukoure,MF,1,18
Cheick Timite,FW,1,35
Cheick Traoré,DF,0,8
Cheikh Ndoye,MF,0,39
Cheikhou Kouyaté,DF,4,73
Chidozie Awaziem,DF,1,24
Chris Basham,DF,0,16
Chris Brunt,MF,0,24
Chris Löwe,DF,0,26
Chris Smalling,DF,8,50
Chris Wood,FW,46,233
Christian Atsu,FW,3,68
Christian Benteke,FW,16,197
Christian Eriksen,MF,21,208
Christian Fuchs,DF,0,11
Christian Gebauer,MF,1,10
Christian Gentner,MF,5,95
Christian Groß,MF,0,7
Christian Günter,DF,6,113
Christian Kabasele,DF,2,27
Christian Kouakou,MF,1,26
Christian Kouamé,FW,5,104
Christian Mathenia,GK,0,0
Christian Pulisic,FW,21,171
Christian Strohdiek,DF,1,8
Christoph Baumgartner,MF,13,117
Christoph Kramer,MF,5,40
Christoph Zimmermann,DF,0,6
Christophe Herelle,DF,3,41
Christophe Kerbrat,DF,1,9
Christopher Antwi-Adjei,MF,1,46
Christopher Jullien,DF,2,50
Christopher Lenz,DF,0,30
Christopher Nkunku,MF,18,150
Christopher Schindler,DF,1,23
Christopher Trimmel,DF,1,13
Ciaran Clark,DF,3,19
Ciro Immobile,FW,100,495
Claud Adjapong,DF,0,14
Claudio Beauvue,FW,5,80
Claudio Bravo,GK,0,0
Claudio Marchisio,MF,0,12
Claudio Pizarro,FW,6,45
Claudio Terzi,DF,1,5
Claudio Yacob,MF,0,7
Clement Depres,FW,5,28
Clement Lenglet,DF,7,40
Clement Michelin,DF,0,12
Clément Grenier,MF,11,103
Coke,DF,3,20
Colin Dagba,DF,1,10
Collin Quaner,FW,0,16
Conor Coady,DF,1,7
Conor Gallagher,MF,2,29
Conor Hourihane,MF,3,29
Conor Townsend,DF,0,11
Corentin Jean,MF,2,60
Corentin Tolisso,MF,7,54
Craig Cathcart,DF,3,15
Craig Dawson,DF,7,57
Cristhian Stuani,FW,40,152
Cristian Ansaldi,DF,9,104
Cristian Battocchio,MF,3,24
Cristian Molinaro,DF,0,2
Cristian Rivera,MF,2,14
Cristian Romero,DF,5,49
Cristian Tello,DF,15,123
Cristian Zapata,DF,1,12
Cristiano Biraghi,DF,5,103
Cristiano Lombardi,DF,0,14
Cristiano Piccini,DF,1,12
Cristiano Ronaldo,FW,107,728
Cuco Martina,DF,0,2
Curtis Jones,MF,1,19
Cyrus Christie,DF,0,12
Cédric Bakambu,FW,9,31
Cédric Brunner,DF,0,6
Cédric Soares,DF,1,33
Cédric Yambéré,DF,3,30
César Azpilicueta,DF,6,70
Daam Foulon,DF,0,1
Daichi Kamada,MF,7,84
Dalbert,DF,0,18
Dale Stephens,MF,1,49
Daley Sinkgraven,DF,0,6
Damien Da Silva,DF,11,60
Damien Le Tallec,MF,5,62
Damián Musto,MF,0,14
Damián Suárez,DF,3,56
Dan Burn,DF,1,30
Dan Gosling,MF,7,57
Dan Ndoye,FW,1,12
Dan-Axel Zagadou,DF,3,14
Dani Alves,DF,2,54
Dani Calvo,DF,2,8
Dani Castellano,DF,0,4
Dani Ceballos,MF,3,48
Dani Escriche,FW,1,10
Dani García,MF,0,26
Dani Gómez,FW,2,31
Dani Olmo,MF,5,77
Dani Rodríguez,MF,5,51
Daniel Baier,MF,1,69
Daniel Bessa,MF,1,31
Daniel Brosinski,DF,8,83
Daniel Caligiuri,MF,21,169
Daniel Carriço,DF,1,8
Daniel Carvajal,DF,2,44
Daniel Ciofani,FW,5,53
Daniel Congré,DF,5,48
Daniel Didavi,MF,15,102
Daniel Ginczek,FW,16,101
Daniel James,FW,6,59
Daniel Opare,DF,0,5
Daniel Parejo,MF,27,150
Daniel Sturridge,FW,2,18
Daniel Torres,MF,0,4
Daniel Wass,DF,10,134
Daniele Baselli,MF,8,89
Daniele Bonera,DF,0,2
Daniele De Rossi,MF,2,16
Daniele Dessena,MF,2,20
Daniele Rugani,DF,5,21
Daniele Verde,FW,10,94
Danijel Subasic,GK,0,0
Danilo,MF,4,53
Danilo Avelar,DF,1,7
Danilo Pereira,MF,2,17
Danny Ings,FW,41,206
Danny Latza,MF,2,119
Danny Rose,DF,0,15
Danny Simpson,DF,0,3
Danny Williams,MF,0,12
Dante,DF,2,39
Darijo Srna,DF,0,10
Dario Dainelli,DF,0,3
Darko Brasanac,MF,4,49
Darko Lazovic,MF,9,116
Darnell Furlong,DF,1,26
Darren Fletcher,MF,1,11
Darwin Machís,FW,11,119
Daryl Janmaat,DF,3,35
Darío Benedetto,FW,16,100
David Abraham,DF,2,19
David Alaba,DF,8,111
David Brooks,MF,7,41
David Costas,DF,0,2
David Ferreiro,FW,3,62
David García,DF,1,31
David Juncà,DF,0,9
David López,DF,5,38
David McGoldrick,FW,10,116
David Ospina,GK,0,0
David Silva,MF,9,54
David Soria,GK,0,0
David Timor,MF,5,49
David Zurutuza,MF,2,24
David de Gea,GK,0,0
Davide Astori,DF,1,9
Davide Biraschi,DF,0,22
Davide Calabria,DF,5,55
Davide Santon,DF,0,12
Davide Zappacosta,DF,5,66
Davie Selke,FW,16,119
Davinson Sánchez,DF,1,35
Davy Klaassen,MF,12,78
Davy Pröpper,MF,2,80
Dawid Kownacki,FW,5,21
DeAndre Yedlin,DF,2,18
Dean Henderson,GK,0,1
Declan Rice,MF,5,86
Dejan Kulusevski,MF,14,96
Dejan Lovren,DF,2,13
Dele Alli,MF,22,162
Demarai Gray,MF,9,106
Denis Bouanga,MF,25,265
Denis Cheryshev,MF,5,103
Denis Odoi,DF,0,10
Denis Suárez,MF,3,48
Denis Zakaria,MF,9,90
Dennis Aogo,MF,0,25
Dennis Appiah,DF,0,7
Dennis Diekmeier,DF,0,6
Dennis Geiger,MF,2,33
Dennis Praet,MF,5,91
Dennis Srbeny,FW,5,28
Denys Bain,DF,1,3
Dereck Kutesa,MF,1,10
Deyovaisio Zeefuik,DF,1,3
Deyverson,FW,1,14
Diadie Samassékou,MF,0,22
Diego Benaglio,GK,0,0
Diego Carlos,DF,6,94
Diego Demme,MF,3,44
Diego Falcinelli,FW,0,15
Diego Farias,FW,7,99
Diego Godín,DF,5,49
Diego González,DF,2,17
Diego Lainez,FW,0,19
Diego Laxalt,DF,3,37
Diego Llorente,DF,5,45
Diego López,GK,0,0
Diego Perotti,FW,10,53
Diego Rico,DF,2,36
Diego Rolan,FW,5,45
Dimitri Bisoli,MF,1,25
Dimitri Foulquier,MF,4,28
Dimitri Payet,MF,26,206
Dimitrios Siovas,DF,4,80
Diogo Dalot,DF,1,25
Divock Origi,FW,10,75
Djibril Sidibe,DF,2,55
Dmitri Lienard,MF,9,139
Dodi Lukebakio,FW,22,138
Domagoj Bradaric,DF,1,9
Domenico Berardi,FW,43,444
Domenico Criscito,DF,11,61
Domenico Maietta,DF,0,7
Domingos Duarte,DF,4,19
Dominic Calvert-Lewin,FW,39,262
Dominic Solanke,FW,4,54
Dominick Drexler,MF,5,31
Dominik Kohr,MF,2,106
Dominique Heintz,DF,2,25
Douglas Costa,FW,6,74
Douglas Luiz,MF,3,90
Douglas Santos,DF,1,21
Dries Mertens,FW,52,347
Duje Caleta-Car,DF,3,34
Duje Cop,FW,0,16
Dusan Tadic,MF,6,40
Dusan Vlahovic,FW,27,151
Duván Zapata,FW,67,358
Dwight Gayle,FW,11,96
Dwight McNeil,MF,7,102
Dylan Bronn,DF,2,16
Dídac Vilá,DF,0,41
Eberechi Eze,MF,4,37
Ebrima Colley,FW,1,17
Eddie Nketiah,FW,2,12
Eddie Salcedo,FW,3,43
Eden Hazard,FW,29,183
Ederson,DF,0,0
Edgar Badía,GK,0,0
Edgar Barreto,MF,1,20
Edgar Ié,DF,1,16
Edgar Méndez,MF,6,44
Edimilson Fernandes,MF,3,44
Edin Dzeko,FW,48,475
Edinson Cavani,FW,56,192
Edmond Tapsoba,DF,1,16
Edoardo Goldaniga,DF,1,21
Edouard Mendy,GK,0,0
Edu Expósito,MF,4,77
Eduard Löwen,MF,5,52
Eduardo Camavinga,MF,2,41
Efthymios Koulouris,FW,4,38
Eiji Kawashima,GK,0,1
El Bilal Touré,FW,4,19
Eldor Shomurodov,FW,8,38
Elias Kachunga,FW,1,26
Eljif Elmas,MF,3,37
Ellyes Skhiri,MF,13,107
Elseid Hysaj,DF,1,37
Elvis Rexhbecaj,MF,7,39
Emanuel Vignato,FW,1,23
Emanuele Giaccherini,MF,3,32
Emanuele Ndoj,MF,0,9
Emerson,DF,4,37
Emerson,DF,0,13
Emil Audero,GK,0,0
Emil Forsberg,MF,18,126
Emil Hallfredsson,MF,0,2
Emil Krafth,DF,2,21
Emile Smith-Rowe,MF,2,13
Emiliano Buendía,FW,1,40
Emiliano Insúa,DF,2,19
Emiliano Martinez,GK,0,0
Emiliano Moretti,DF,0,5
Emiliano Rigoni,MF,1,16
Emiliano Sala,FW,24,131
Emiliano Velázquez,DF,0,8
Emiliano Viviano,GK,0,0
Emmanuel Boateng,FW,7,61
Emmanuel Bourgaud,MF,0,11
Emmanuel Gyasi,FW,4,29
Emmanuel Imorou,DF,0,3
Emmanuel Rivière,FW,6,81
Emre Can,MF,8,76
Emre Colak,MF,1,17
Emre Mor,FW,1,12
Enda Stevens,DF,2,38
Enes Ünal,FW,22,195
Enis Bardhi,MF,20,197
Enock Kwateng,DF,1,9
Enric Gallego,FW,5,46
Enrico Brignola,FW,3,33
Enrico Valentini,DF,0,8
Enzo Crivelli,FW,6,21
Enzo Le Fée,MF,0,31
Eraso,MF,4,41
Eric Dier,DF,3,63
Eric Maxim Choupo-Moting,FW,6,45
Erick Cabaco,DF,2,15
Erick Pulgar,MF,17,116
Erik Durm,DF,1,30
Erik Lamela,FW,9,99
Erik Pieters,DF,1,33
Erik Thommy,DF,7,86
Erling Haaland,FW,40,125
Ermedin Demirovic,FW,5,42
Ernest Seka,DF,1,15
Ervin Zukanovic,DF,0,41
Erwin Zelazny,GK,0,0
Esteban Burgos,DF,1,3
Esteban Granero,MF,4,43
Esteban Rolón,MF,0,8
Estupiñán,DF,1,29
Ethan Ampadu,DF,0,7
Etienne Capoue,MF,3,68
Etrit Berisha,GK,0,0
Evgen Shakhov,MF,1,14
Ewerton,DF,0,8
Ezequiel Garay,DF,2,26
Ezequiel Muñoz,DF,0,5
Ezequiel Ponce,FW,2,21
Ezequiel Ávila,FW,19,159
Ezgjan Alioski,DF,2,25
Fabian Delph,MF,1,13
Fabian Johnson,DF,1,3
Fabian Klos,FW,5,54
Fabian Kunze,MF,0,7
Fabian Lustenberger,MF,0,5
Fabian Schär,DF,9,75
Fabien Centonze,DF,1,33
Fabien Lemoine,MF,1,16
Fabinho,DF,10,64
Fabio,DF,0,8
Fabio Borini,FW,4,67
Fabio Ceravolo,FW,2,20
Fabio Depaoli,DF,0,52
Fabio Lucioni,DF,3,14
Fabio Pisacane,DF,2,19
Fabio Quagliarella,FW,69,434
Fabián,MF,14,205
Fabián Balbuena,DF,2,29
Fabián Orellana,MF,20,178
Fabrizio Cacciatore,DF,2,24
Facundo Ferreyra,FW,1,7
Facundo Medina,DF,2,9
Facundo Píriz,MF,0,9
Facundo Roncaglia,DF,1,21
Falcao,FW,18,70
Fallou Diagne,DF,1,14
Faouzi Ghoulam,DF,1,9
Farid Boulaya,MF,8,103
Farid El Melali,FW,0,20
Faycal Fajr,MF,6,73
Fede Cartabia,FW,2,32
Fede Vico,MF,2,28
Federico Barba,DF,0,22
Federico Bernardeschi,FW,7,144
Federico Bonazzoli,FW,8,68
Federico Ceccherini,DF,1,33
Federico Chiesa,FW,32,424
Federico Di Francesco,FW,5,86
Federico Dimarco,DF,5,37
Federico Fazio,DF,8,52
Federico Fernández,DF,3,31
Federico Mattiello,MF,1,18
Federico Peluso,DF,2,21
Federico Ricci,FW,1,27
Federico Santander,FW,9,101
Federico Valverde,MF,5,68
Federico Viviani,MF,3,52
Felipe,FW,5,67
Felipe Anderson,MF,14,107
Felipe Caicedo,FW,28,120
Felix Agu,DF,1,4
Felix Eboa Eboa,DF,4,21
Felix Klaus,FW,5,93
Felix Kroos,MF,0,5
Felix Uduokhai,DF,2,21
Ferland Mendy,DF,4,59
Fernandinho,DF,6,107
Fernando,MF,5,21
Fernando Calero,DF,1,10
Fernando Forestieri,FW,1,11
Fernando Llorente,FW,5,63
Fernando Marçal,DF,0,2
Fernando Navarro,DF,0,0
Fernando Pacheco,GK,0,0
Fernando Torres,FW,5,30
Ferrán Torres,MF,13,86
Fidel,MF,6,18
Fikayo Tomori,DF,2,12
Filip Bradaric,MF,0,14
Filip Helander,DF,0,13
Filip Kostic,DF,19,267
Filip Malbasic,FW,0,9
Filipe Luis,DF,1,5
Filippo Costa,DF,0,7
Filippo Falco,FW,4,56
Filippo Romagna,DF,0,10
Flavien Tait,MF,12,182
Flavius Daniliuc,DF,1,9
Florent Balmont,MF,1,10
Florent Hadergjonaj,DF,0,15
Florent Mollet,MF,22,224
Florent Muslija,MF,2,20
Florian Aye,FW,0,24
Florian Grillitsch,MF,3,88
Florian Kainz,FW,8,75
Florian Kastenmeier,GK,0,0
Florian Kath,FW,1,16
Florian Lejeune,DF,1,36
Florian Miguel,DF,1,26
Florian Müller,GK,0,0
Florian Neuhaus,MF,13,156
Florian Niederlechner,FW,22,156
Florian Sotoca,FW,8,71
Florian Thauvin,FW,46,300
Florian Wirtz,MF,5,31
Florin Andone,FW,9,75
Floyd Ayité,FW,1,7
Fouad Chafik,DF,1,26
Fousseni Diabate,FW,1,7
Fran Beltrán,MF,5,50
Fran Gámez,DF,0,14
Fran Mérida,MF,0,13
Francesco Acerbi,DF,5,56
Francesco Caputo,FW,48,212
Francesco Cassata,MF,4,27
Francesco Magnanelli,MF,0,30
Francesco Vicari,DF,2,24
Francesco Zampano,DF,0,15
Francis,DF,0,10
Francis Coquelin,MF,0,22
Francisco Portillo,MF,3,32
Franck Honorat,MF,8,41
Franck Kessié,MF,29,215
Franck Ribéry,FW,16,91
Franck Tabanou,DF,0,2
Franco Di Santo,FW,3,30
Franco Vázquez,MF,11,119
Francois Bellugou,MF,0,1
Francois Kamano,FW,18,144
François Moubandje,DF,0,10
Fraser Forster,GK,0,0
Fred,MF,2,82
Frederic Guilbert,DF,2,33
Frederic Sammaritano,FW,0,41
Frederic Veseli,DF,0,5
Frenkie de Jong,MF,5,21
Gabriel,MF,4,30
Gabriel Jesus,FW,43,254
Gabriel Mercado,DF,2,12
Gabriel Strefezza,DF,1,53
Gabriele Zappa,DF,0,11
Gaetan Laborde,FW,36,281
Gaetan Paquiez,DF,0,13
Gaetano Castrovilli,MF,8,81
Gaetano Letizia,DF,4,35
Gaku Shibasaki,MF,1,10
Gareth Bale,FW,37,224
Gareth Barry,MF,1,16
Gary Cahill,DF,1,42
Gary Medel,MF,0,5
Gastón Brugman,MF,1,28
Gastón Pereiro,MF,2,14
Gastón Ramírez,MF,14,128
Gautier Larsonneur,GK,0,0
Gaël Kakuta,MF,19,150
Gaëtan Bong,DF,0,6
Gaëtan Charbonnier,MF,10,86
Gelson Fernandes,MF,1,5
Gelson Martins,MF,11,84
Gen Shoji,DF,0,2
Genki Haraguchi,MF,0,32
Geoff Cameron,DF,0,5
Geoffrey Kondogbia,MF,6,78
Georg Margreitter,DF,2,16
George Baldock,DF,2,27
Georginio Wijnaldum,MF,10,135
Georgios Kyriakopoulos,DF,1,45
Gerard Deulofeu,FW,14,123
Gerard Gumbau,MF,2,35
Gerard Moreno,FW,65,364
Gerard Piqué,DF,7,59
Germán Pezzella,DF,7,99
Germán Sánchez,DF,5,23
Gerrit Holtmann,MF,3,44
Gerson,MF,5,48
Gervinho,FW,23,133
Gerónimo Poblete,MF,0,4
Gerónimo Rulli,GK,0,0
Ghislain Konan,DF,2,11
Giacomo Bonaventura,MF,14,150
Giacomo Raspadori,FW,6,24
Giampaolo Pazzini,FW,8,30
Gian-Luca Waldschmidt,FW,17,138
Giancarlo Gonzalez,DF,0,2
Giangiacomo Magnani,DF,0,15
Gianluca Caprari,FW,16,146
Gianluca Frabotta,DF,0,5
Gianluca Lapadula,FW,25,188
Gianluca Mancini,DF,10,89
Gianluca Scamacca,FW,8,47
Gianluigi Buffon,GK,0,0
Gianluigi Donnarumma,GK,0,0
Gianmarco Ferrari,DF,4,60
Giannelli Imbula,MF,2,54
Gideon Jung,MF,1,7
Gilles Sunu,MF,1,11
Giménez,MF,1,26
Giorgio Chiellini,DF,1,29
Giovani Lo Celso,MF,14,117
Giovanni Di Lorenzo,DF,11,69
Giovanni Simeone,FW,38,301
Giovanni Sio,FW,10,84
Giulio Donati,DF,1,18
Giulio Maggiore,MF,3,40
Giuseppe Di Serio,FW,0,4
Giuseppe Pezzella,DF,1,16
Glenn Murray,FW,26,124
Godfred Donsah,MF,2,24
Gonzalo Castro,MF,6,54
Gonzalo Escalante,MF,6,74
Gonzalo Higuaín,FW,30,232
Gonzalo Melero,MF,11,69
Gonzalo Verdú,DF,0,11
Gonzalo Villar,MF,0,10
Goran Pandev,FW,25,127
Gotoku Sakai,DF,0,20
Grady Diangana,MF,1,24
Granit Xhaka,MF,7,127
Grant Hanley,DF,0,8
Gregoire Defrel,FW,18,103
Gregor Kobel,GK,0,0
Grischa Prömel,MF,3,31
Grzegorz Krychowiak,MF,0,15
Guerrero,DF,4,30
Guessouma Fofana,MF,0,6
Guido Burgstaller,FW,15,135
Guido Carrillo,FW,14,135
Guido Pizarro,MF,1,13
Guido Rodríguez,MF,1,30
Guillermo Maripán,DF,9,46
Gylfi Sigurdsson,MF,25,220
Habib Diallo,FW,21,132
Haitam Aleesami,DF,1,2
Hakan Calhanoglu,FW,22,373
Hakim Ziyech,FW,2,35
Hal Robson-Kanu,FW,4,32
Hamari Traore,DF,1,90
Hamed Junior Traore,MF,11,132
Hamza Choudhury,MF,1,7
Hamza Mendyl,DF,1,10
Hannes Wolf,MF,3,16
Hanno Behrens,MF,4,39
Hans Hateboer,DF,7,99
Haris Belkebla,MF,0,13
Haris Duljevic,MF,0,15
Harold Moukoudi,DF,3,13
Harrison Manzala,FW,4,32
Harrison Reed,MF,0,13
Harry Arter,MF,0,23
Harry Kane,FW,88,505
Harry Maguire,DF,8,126
Harry Wilson,MF,7,56
Harry Winks,MF,1,30
Harvey Barnes,FW,16,157
Hassane Kamara,DF,4,67
Hatem Ben Arfa,MF,9,87
Hendrik Weydandt,FW,6,60
Henrikh Mkhitaryan,FW,28,174
Hernani,MF,7,69
Hernán Pérez,FW,1,15
Hernán Toledo,FW,0,3
Herve Bazile,FW,0,17
Herve Lybohy,DF,2,3
Hichem Boudaoui,MF,3,16
Hidde ter Avest,DF,0,2
Hilton,DF,0,61
Hiroki Sakai,DF,1,14
Hirving Lozano,FW,15,94
Holger Badstuber,DF,2,9
Houboulang Mendes,DF,0,5
Houssem Aouar,MF,23,235
Hugo Guillamón,DF,1,7
Hugo Lloris,GK,0,0
Hugo Mallo,DF,4,73
Håvard Nordtveit,DF,0,6
Héctor Bellerín,DF,4,69
Héctor Herrera,MF,0,21
Héctor Moreno,DF,1,6
Hélder Costa,MF,4,41
Iago,DF,1,9
Iago Aspas,FW,70,299
Iago Falque,FW,18,133
Iago Herrerín,GK,0,0
Ibai Gómez,FW,10,119
Ibrahim Amadou,MF,0,39
Ibrahim Sangare,MF,2,79
Ibrahima Diallo,MF,0,12
Ibrahima Konaté,DF,1,15
Ibrahima Mbaye,DF,3,26
Ibrahima Niane,MF,5,68
Ibrahima Sissoko,MF,3,69
Ibrahima Traoré,FW,0,15
Iddrisu Baba,MF,0,15
Idriss Saadi,FW,4,32
Idrissa Doumbia,MF,0,4
Idrissa Gueye,MF,5,73
Ignacio Pussetto,FW,4,57
Ignasi Miquel,DF,0,10
Ignatius Ganago,FW,12,84
Ignazio Abate,DF,1,5
Igor Zubeldia,MF,2,58
Ihlas Bebou,FW,20,133
Ilija Nestorovski,FW,5,60
Ilkay Gündogan,MF,25,164
Illan Meslier,GK,0,0
Imran Louza,MF,9,71
Ionut Radu,GK,0,0
Irvin Cardona,FW,13,104
Isaac Carcelén,DF,0,11
Isaac Hayden,MF,3,70
Isaac Lihadji,MF,0,4
Isaac Mbenza,FW,9,71
Isco,MF,11,117
Ishak Belfodil,FW,20,134
Islam Slimani,FW,12,71
Ismael Bennacer,MF,1,46
Ismael Boura,DF,0,2
Ismael Diomande,MF,0,9
Ismael Traoré,DF,9,50
Ismail Jakobs,FW,3,40
Ismaila Sarr,FW,18,138
Issa Diop,DF,9,49
Issiaga Sylla,DF,4,61
Iturraspe,MF,0,6
Ivan Ilic,MF,2,12
Ivan Perisic,FW,27,291
Ivan Provedel,GK,0,0
Ivan Radovanovic,MF,1,107
Ivan Rakitic,MF,9,128
Ivan Santini,FW,11,85
Ivan Strinic,DF,0,0
Iván Alejo,FW,2,25
Iván Balliu,DF,0,4
Iván Cuéllar,GK,0,0
Iván Marcone,MF,0,2
Iván Ramis,DF,3,29
Iván Villar,GK,0,0
Iñaki Williams,FW,32,250
Iñigo Córdoba,FW,2,69
Iñigo Martínez,DF,3,88
Iñigo Pérez,MF,2,27
Jack Butland,GK,0,0
Jack Cork,MF,3,56
Jack Grealish,FW,14,123
Jack Harrison,MF,8,46
Jack Stacey,DF,0,5
Jack Stephens,DF,4,30
Jack Wilshere,MF,1,15
Jacob Bruun Larsen,FW,2,26
Jacob Murphy,DF,3,53
Jacob Ramsey,MF,0,11
Jacopo Petriccione,MF,0,21
Jacopo Sala,DF,0,23
Jadon Sancho,FW,37,144
Jagos Vukovic,DF,1,3
Jaime Mata,FW,30,155
Jaime Seoane,MF,1,23
Jairo Izquierdo,MF,1,10
Jairo Riedewald,MF,2,11
Jake Livermore,MF,2,20
Jakob Johansson,MF,1,5
Jakub Jankto,MF,12,162
Jamaal Lascelles,DF,6,48
Jamal Lewis,DF,1,12
Jamal Musiala,FW,6,25
James Justin,DF,2,9
James Maddison,MF,21,232
James McArthur,MF,8,98
James McCarthy,MF,0,13
James McClean,MF,1,30
James Milner,MF,7,69
James Rodríguez,MF,20,114
James Tarkowski,DF,6,84
James Tomkins,DF,5,53
James Ward-Prowse,MF,23,159
Jamie Vardy,FW,76,320
Jamilu Collins,DF,1,19
Jan Bednarek,DF,2,22
Jan Morávek,MF,0,2
Jan Oblak,GK,0,0
Jan Repas,MF,0,17
Jan Thielmann,FW,2,12
Jan Vertonghen,DF,2,43
Janik Haberer,MF,6,80
Jann-Fiete Arp,FW,2,17
Jannes Horn,DF,0,6
Jannik Vestergaard,DF,7,73
Jaromir Zmrhal,MF,2,14
Jarrod Bowen,FW,8,55
Jasmin Kurtic,MF,17,198
Jason,MF,3,70
Jason Denayer,DF,3,25
Jasper Cillessen,GK,0,0
Jaume Costa,DF,1,25
Javairo Dilrosun,MF,6,30
Javi Galán,DF,1,11
Javi López,DF,0,7
Javi Martínez,DF,4,43
Javi Moyano,DF,0,12
Javi Ontiveros,FW,4,84
Javi Puado,FW,0,8
Javi Sánchez,DF,0,3
Javier Manquillo,DF,0,5
Javier Pastore,MF,4,24
Jawad El Yamiq,DF,0,8
Jay Rodriguez,FW,16,167
Jayden Bogle,DF,2,17
Jean Eudes Aholou,MF,7,85
Jean Zimmer,DF,1,19
Jean-Charles Castelletto,DF,2,11
Jean-Clair Todibo,DF,1,7
Jean-Daniel Akpa-Akpro,MF,0,12
Jean-Kevin Augustin,FW,12,50
Jean-Kevin Duverne,DF,1,10
Jean-Louis Leca,GK,0,0
Jean-Manuel Mbom,MF,0,7
Jean-Paul Boëtius,MF,10,112
Jean-Philippe Gbamin,MF,3,61
Jean-Philippe Mateta,FW,24,159
Jean-Ricner Bellegarde,MF,1,42
Jean-Victor Makengo,MF,3,31
Jeff Hendrick,MF,9,77
Jeff Reine-Adelaide,FW,3,38
Jefferson Lerma,MF,3,88
Jeffrey Gouweleeuw,DF,1,28
Jeffrey Schlupp,MF,9,79
Jeison Murillo,DF,3,20
Jemerson,DF,2,25
Jens Jonsson,MF,0,15
Jens Petter Hauge,FW,2,7
Jens Stryger Larsen,DF,5,70
Jerdy Schouten,MF,1,16
Jeremie Boga,FW,18,116
Jeremy Grimm,MF,1,15
Jeremy Le Douaron,FW,1,13
Jeremy Toljan,DF,2,21
Jermain Defoe,FW,4,27
Jerome Hergault,DF,2,4
Jesse Joronen,GK,0,0
Jesse Lingard,MF,22,152
Jessic Ngankam,FW,2,6
Jessy Deminguet,MF,0,7
Jessy Moulin,GK,0,0
Jesús Navas,DF,2,78
Jesús Vallejo,DF,0,1
Jetro Willems,DF,2,40
Jhon Chancellor,DF,3,13
Jhon Córdoba,FW,20,142
Jhonder Cádiz,FW,2,31
Jimmy Briand,FW,26,166
Jimmy Cabot,FW,1,10
Jimmy Durmaz,MF,7,55
Jimmy Giraudon,DF,0,4
Jiri Pavlenka,GK,0,0
Joachim Andersen,DF,2,36
Joakim Maehle,DF,0,21
Joakim Nilsson,DF,0,5
Joan Jordán,MF,13,152
Joaquín,MF,20,100
Joe Allen,MF,2,24
Joe Bennett,DF,0,10
Joe Bryan,DF,1,29
Joe Ralls,MF,0,23
Joe Willock,MF,1,15
Joel Campbell,FW,0,14
Joel Pohjanpalo,MF,6,31
Joel Robles,GK,0,0
Joel Ward,DF,0,12
Joelinton,FW,13,149
Johan Mojica,MF,0,29
Johann Berg Gudmundsson,MF,7,104
Johannes Eggestein,FW,4,34
John Bostock,MF,0,7
John Boye,DF,3,20
John Brooks,DF,5,51
John Egan,DF,2,41
John Fleck,MF,5,48
John Guidetti,FW,5,43
John Lundstram,MF,5,64
John McGinn,MF,6,100
John Stones,DF,4,37
Jon Bautista,FW,1,32
Jon Guridi,MF,0,8
Jon Moncayola,MF,3,51
Jon Morcillo,MF,2,24
Jonas Hector,MF,9,73
Jonas Hofmann,MF,16,104
Jonas Martin,MF,7,47
Jonas Omlin,GK,0,0
Jonathan Bamba,FW,20,135
Jonathan Bamba,MF,7,108
Jonathan Biabiany,FW,0,4
Jonathan Burkardt,FW,2,29
Jonathan Calleri,FW,24,275
Jonathan Clauss,DF,3,34
Jonathan Delaplace,DF,0,6
Jonathan Gradit,DF,0,4
Jonathan Hogg,MF,0,19
Jonathan Panzo,DF,0,5
Jonathan Rivierez,DF,0,8
Jonathan Schmid,DF,10,104
Jonathan Silva,DF,4,42
Jonathan Tah,DF,4,34
Jonathan Viera,MF,4,39
Jonathan de Guzmán,MF,3,33
Jonjo Shelvey,MF,9,152
Jonjoe Kenny,DF,2,15
Jonny Evans,DF,3,19
Jony,MF,5,75
Jonás Ramalho,DF,1,14
Jordan Amavi,DF,1,58
Jordan Ayew,FW,18,176
Jordan Ferri,MF,2,37
Jordan Henderson,MF,7,65
Jordan Ikoko,DF,0,14
Jordan Lefort,DF,0,11
Jordan Lotomba,DF,1,8
Jordan Lukaku,DF,1,6
Jordan Marié,MF,2,46
Jordan Pickford,GK,0,0
Jordan Torunarigha,DF,1,2
Jordan Veretout,MF,29,168
Jordi Alba,DF,9,63
Jordi Amat,DF,0,12
Jordi Masip,GK,0,0
Jordon Ibe,MF,3,63
Jorge,DF,1,7
Jorge De Frutos,MF,4,26
Jorge Meré,DF,1,5
Jorge Miramón,DF,1,32
Jorge Molina,FW,34,177
Jorge Pulido,DF,4,36
Jorginho,MF,15,62
Joris Chotard,MF,0,18
Joris Gnagnon,DF,2,37
Joselu,FW,15,141
Joseph Aidoo,DF,0,19
Joseph Gomez,DF,0,11
Josh Brownhill,MF,0,34
Josh Maja,FW,11,58
Josh Murphy,MF,3,46
Joshua Kimmich,MF,10,96
Joshua King,FW,26,149
Joshua Mees,MF,0,9
Joshua Sargent,FW,9,73
Josip Brekalo,MF,13,115
Josip Drmic,FW,1,14
Josip Ilicic,FW,44,331
Josuha Guilavogui,MF,5,58
José Antonio Martínez,DF,0,2
José Callejón,MF,17,175
José Holebas,DF,3,34
José Izquierdo,MF,5,67
José Luis Palomino,DF,5,39
José Pozo,MF,3,22
Jota,MF,0,16
Jozabed,MF,0,29
João Cancelo,DF,4,87
João Mário,MF,1,16
João Pedro,FW,46,262
Joël Veltman,DF,1,14
Juan Bernat,DF,1,11
Juan Carlos,MF,0,5
Juan Cuadrado,MF,9,83
Juan Ferney Otero,FW,3,73
Juan Foyth,DF,0,1
Juan Jesus,DF,1,3
Juan Mata,MF,6,57
Juan Miranda,DF,1,10
Juan Musso,GK,0,0
Juanfran,DF,0,24
Juanmi,FW,10,51
Juanpe,DF,5,45
Jude Bellingham,MF,1,33
Jules Iloki,MF,0,11
Jules Koundé,DF,5,67
Julian Baumgartlinger,MF,5,45
Julian Brandt,MF,22,164
Julian Chabot,DF,1,9
Julian Draxler,MF,11,65
Julian Korb,DF,1,10
Julian Ryerson,DF,0,6
Julian Schuster,DF,0,12
Julian Weigl,MF,2,8
Julien Faussurier,DF,2,15
Julien Féret,MF,0,27
Julien Laporte,DF,0,8
Juninho Bacuna,MF,1,19
Junior Alonso,DF,2,16
Junior Messias,MF,9,99
Junior Stanislas,MF,10,95
Juraj Kucka,MF,17,134
Justin Kluivert,FW,8,73
Jéremy Doku,MF,2,36
Jérémy Morel,DF,1,20
Jérémy Sorbon,DF,1,10
Jérôme Boateng,DF,2,41
Jérôme Gondorf,MF,3,39
Jérôme Roussillon,DF,7,69
Júnior Firpo,DF,4,23
Jürgen Locadia,FW,2,28
Kaan Ayhan,DF,6,57
Kader Mangane,DF,1,15
Kai Havertz,MF,36,215
Kai Pröger,MF,2,51
Kaj Sierhuis,FW,0,14
Kalidou Koulibaly,DF,7,61
Kalidou Sidibe,MF,1,4
Kalifa Coulibaly,FW,15,123
Kalvin Phillips,MF,1,15
Kamil Glik,DF,7,79
Karim Azamoum,MF,1,23
Karim Bellarabi,FW,10,170
Karim Benzema,FW,70,414
Karim Onisiwo,FW,15,135
Karim Rekik,DF,2,14
Karl Darlow,GK,0,0
Karl Toko Ekambi,FW,47,291
Karl-Johan Johnsson,GK,0,0
Karol Linetty,MF,11,99
Kasper Dolberg,FW,17,79
Kasper Schmeichel,GK,0,2
Kastriot Dermaku,DF,0,3
Keagan Dolly,FW,1,27
Keinan Davis,FW,1,26
Keita Endo,MF,1,8
Kelechi Iheanacho,FW,21,142
Kelyan Guessoum,DF,0,6
Ken Sema,DF,3,29
Kenan Karaman,FW,10,70
Kenedy,FW,6,82
Kenneth Omeruo,DF,1,7
Kenneth Zohore,FW,1,17
Kenny Lala,DF,13,69
Kenny McLean,MF,1,30
Kenny Tete,DF,1,21
Kepa,GK,0,0
Kerem Demirbay,MF,11,156
Keven Schlotterbeck,DF,0,19
Kevin Agudelo,FW,1,19
Kevin Akpoguma,DF,1,9
Kevin Bonifazi,DF,2,28
Kevin Danso,DF,3,19
Kevin De Bruyne,MF,30,305
Kevin Gameiro,FW,23,91
Kevin Kampl,MF,3,77
Kevin Lasagna,FW,32,286
Kevin Long,DF,1,10
Kevin Malcuit,DF,0,22
Kevin Mbabu,DF,3,22
Kevin McDonald,MF,0,4
Kevin Mirallas,FW,2,29
Kevin Möhwald,MF,8,43
Kevin Strootman,MF,4,55
Kevin Stöger,MF,4,63
Kevin Trapp,GK,0,0
Kevin Vogt,DF,0,9
Kevin Volland,FW,54,275
Kevin Wimmer,DF,0,4
Kevin-Prince Boateng,MF,6,44
Keylor Navas,GK,0,0
Ki Sung-yueng,MF,2,28
Kieran Gibbs,DF,0,9
Kieran Tierney,DF,2,21
Kieran Trippier,DF,1,21
Kike Barja,MF,2,22
Kike Pérez,MF,0,15
Kiko Femenía,DF,2,20
Kiko Olivas,DF,2,14
Kingsley Coman,FW,18,150
Kingsley Ehizibue,DF,1,21
Klaus Gjasula,MF,2,14
Koen Casteels,GK,0,0
Koffi Djidji,DF,1,6
Koke,MF,12,90
Konrad Laimer,MF,3,29
Konstantinos Mavropanos,DF,0,16
Koray Günter,DF,0,12
Kortney Hause,DF,1,20
Kostas Manolas,DF,7,50
Kostas Mitroglou,FW,9,44
Krzysztof Piatek,FW,37,233
Kurt Zouma,DF,8,81
Kwadwo Asamoah,DF,0,16
Kwon Chang-Hoon,MF,15,102
Kyle Bartley,DF,3,14
Kyle Naughton,DF,0,12
Kyle Walker,DF,3,58
Kyle Walker-Peters,DF,0,18
Kyriakos Papadopoulos,DF,1,23
Kévin Monnet-Paquet,FW,3,53
Kévin Rodrigues,DF,3,48
Kévin Théophile-Catherine,DF,0,4
Kévin Zohi,FW,4,48
Lacina Traoré,FW,0,11
Ladislav Krejci,MF,0,9
Lamine Fomba,MF,1,38
Lamine Gueye,FW,3,40
Lamine Koné,DF,3,22
Landry Dimata,FW,0,12
Lars Bender,DF,5,49
Lars Stindl,MF,32,195
Lassana Coulibaly,MF,2,29
Lasse Schöne,MF,2,35
Laurent Abergel,MF,3,29
Laurent Depoitre,FW,6,54
Laurent Jans,DF,0,8
Laurent Koscielny,DF,5,23
Lautaro Martínez,FW,37,299
Layvin Kurzawa,DF,4,38
Leander Dendoncker,MF,7,68
Leandro Barreiro Martins,MF,2,41
Leandro Cabrera,DF,2,22
Leandro Cabrera,DF,2,11
Leandro Chichizola,GK,0,0
Leandro Paredes,MF,2,55
Leandro Trossard,FW,10,99
Lebo Mothiba,FW,14,64
Lebogang Phiri,MF,0,18
Ledian Memushaj,MF,0,18
Lee Kang-In,FW,2,36
Lee Peltier,DF,0,1
Leighton Baines,DF,2,7
Lennart Czyborra,DF,1,5
Leo Stulac,MF,0,22
Leon Bailey,FW,28,219
Leon Goretzka,MF,23,182
Leonardo Balerdi,DF,2,13
Leonardo Bittencourt,MF,10,98
Leonardo Bonucci,DF,10,77
Leonardo Pavoletti,FW,31,215
Leonardo Spinazzola,DF,3,45
Leopold Zingerle,GK,0,0
Leroy Fer,MF,1,12
Leroy Sané,FW,26,169
Levin Öztunali,MF,5,83
Lewis Cook,MF,0,27
Lewis Dunk,DF,11,110
Lewis Holtby,MF,6,22
Liam Cooper,DF,1,15
Linton Maina,MF,1,21
Lionel Carole,DF,0,16
Lionel Messi,FW,125,720
Lisandro Magallán,DF,2,14
Loic Bade,DF,0,11
Loic Perrin,DF,1,30
Lois Diony,FW,10,84
Loren Morón,FW,24,163
Lorenzo Ariaudo,DF,0,6
Lorenzo De Silvestri,DF,9,85
Lorenzo Insigne,FW,45,561
Lorenzo Montipò,GK,0,0
Lorenzo Pellegrini,MF,15,210
Lorenzo Tonelli,DF,2,20
Lorenzo Venuti,DF,0,13
Loris Benito,DF,1,20
Loris Karius,GK,0,0
Loïck Landre,DF,4,16
Luca Caldirola,DF,2,7
Luca Ceppitelli,DF,6,39
Luca Cigarini,MF,0,19
Luca Cigarini,MF,2,29
Luca Kilian,DF,0,1
Luca Marrone,DF,0,4
Luca Mazzitelli,MF,0,14
Luca Mora,MF,0,5
Luca Pellegrini,DF,0,16
Luca Rigoni,MF,4,36
Luca Rossettini,DF,0,19
Luca Sangalli,MF,1,11
Luca Siligardi,FW,1,37
Luca Valzania,MF,2,21
Luca Vignali,DF,0,4
Lucas Alario,FW,36,190
Lucas Biglia,MF,2,28
Lucas Boyé,FW,7,58
Lucas Castro,MF,3,39
Lucas Deaux,MF,8,63
Lucas Digne,DF,4,76
Lucas Hernández,DF,0,15
Lucas Höler,FW,16,122
Lucas Leiva,MF,2,49
Lucas Martínez Quarta,DF,1,17
Lucas Moura,FW,10,45
Lucas Ocampos,FW,32,278
Lucas Olaza,DF,1,18
Lucas Pérez,FW,26,143
Lucas Torreira,MF,8,82
Lucas Torró,MF,0,17
Lucas Tousart,MF,1,70
Lucas Vázquez,FW,9,88
Luciano Narsingh,FW,1,9
Luciano Vietto,FW,1,24
Ludovic Ajorque,FW,33,165
Ludovic Baal,DF,0,0
Ludovic Blas,MF,18,155
Ludovic Blas,MF,1,42
Ludovic Butelle,GK,0,1
Ludwig Augustinsson,DF,2,61
Luigi Sepe,GK,0,0
Luis Advíncula,DF,1,17
Luis Alberto,MF,30,316
Luis Hernández,DF,0,5
Luis Milla,MF,1,10
Luis Muriel,FW,53,267
Luis Pérez,DF,0,2
Luis Rioja,MF,4,33
Luis Suárez,FW,21,112
Luis Suárez,FW,46,247
Luiz Araujo,FW,14,145
Luka Jovic,FW,31,172
Luka Milivojevic,MF,26,149
Luka Modric,MF,12,147
Lukas Klostermann,DF,10,48
Lukas Klünter,DF,1,19
Lukas Kübler,DF,0,12
Lukas Lerager,MF,4,71
Lukas Mühl,DF,1,12
Lukas Rupp,MF,3,16
Lukasz Fabianski,GK,0,0
Lukasz Piszczek,DF,2,40
Lukasz Skorupski,GK,0,0
Lukasz Teodorczyk,FW,1,13
Luke Ayling,DF,0,24
Luke Shaw,DF,2,43
Lumor Agbenyenu,DF,1,14
Luuk de Jong,FW,10,89
Lyanco,DF,1,25
Lys Mousset,FW,9,71
László Bénes,MF,0,23
Léo Dubois,DF,6,88
Mads Pedersen,DF,0,1
Mahdi Camara,MF,3,23
Mahmoud Dahoud,MF,1,42
Makoto Hasebe,DF,0,6
Malang Sarr,DF,2,20
Malcom,FW,13,86
Malick Thiaw,DF,1,8
Malik Tchokounte,FW,0,22
Mamadou Fofana,MF,0,14
Mamadou Sakho,DF,1,7
Mamadou Samassa,GK,0,0
Manolo Gabbiadini,FW,23,167
Manolo Reina,GK,0,0
Manu García,MF,4,102
Manu Trigueros,MF,6,102
Manu Vallejo,FW,5,19
Manuel Akanji,DF,3,35
Manuel Gulde,DF,5,38
Manuel Iturra,MF,0,2
Manuel Lanzini,MF,6,79
Manuel Lazzari,MF,4,95
Manuel Locatelli,MF,6,115
Manuel Neuer,GK,0,0
Manuel Pasqual,DF,1,8
Manuel Prietl,MF,1,18
Manuel Pucciarelli,FW,2,26
Manuel Sánchez,DF,0,3
Marash Kumbulla,DF,2,15
Marc Albrighton,DF,5,70
Marc Bartra,DF,5,54
Marc Cardona,FW,4,29
Marc Cucurella,MF,5,77
Marc Muniesa,DF,0,7
Marc Navarro,DF,1,20
Marc Pugh,MF,0,19
Marc Roca,MF,3,55
Marc-André ter Stegen,GK,0,1
Marc-Aurele Caillard,GK,0,0
Marc-Oliver Kempf,DF,4,32
Marcel Büchel,MF,0,9
Marcel Halstenberg,DF,10,93
Marcel Hartel,MF,0,21
Marcel Heller,FW,0,11
Marcel Risse,DF,1,18
Marcel Sabitzer,MF,24,254
Marcel Schmelzer,DF,0,5
Marcel Sobottka,MF,0,7
Marcel Tisserand,DF,1,14
Marcello Gazzola,DF,1,2
Marcello Trotta,FW,7,65
Marcelo,DF,11,177
Marcelo Brozovic,MF,11,150
Marcin Kaminski,DF,0,12
Marco Andreolli,DF,0,3
Marco Asensio,FW,12,140
Marco Benassi,MF,13,149
Marco Borriello,FW,1,12
Marco Calderoni,DF,3,23
Marco Capuano,DF,0,10
Marco Fossati,MF,0,9
Marco Friedl,DF,1,19
Marco Höger,MF,0,10
Marco Mancosu,MF,14,85
Marco Parolo,MF,9,137
Marco Reus,MF,36,172
Marco Richter,MF,11,174
Marco Russ,DF,1,7
Marco Sau,MF,7,45
Marco Silvestri,GK,0,0
Marco Sportiello,GK,0,0
Marco Stiepermann,MF,0,19
Marco Terrazzino,MF,0,24
Marco Verratti,MF,0,23
Marcos Acuña,DF,1,18
Marcos Alonso,DF,13,140
Marcos Llorente,MF,15,63
Marcus Coco,FW,3,67
Marcus Ingvartsen,MF,8,83
Marcus Rashford,FW,45,320
Marcus Rohden,MF,2,21
Marcus Thuram,FW,30,230
Marek Hamsik,MF,7,86
Mario Gomez,FW,16,108
Mario Götze,FW,12,59
Mario Hermoso,DF,4,45
Mario Lemina,MF,3,67
Mario Mandzukic,FW,14,82
Mario Pasalic,MF,20,114
Mario Sampirisi,DF,0,3
Mario Vrancic,MF,1,14
Marius Bülter,MF,8,58
Marius Wolf,FW,9,97
Mariusz Stepinski,FW,11,79
Mark Noble,MF,13,50
Mark Uth,MF,24,181
Markel Bergara,MF,4,16
Markel Susaeta,FW,4,42
Marko Arnautovic,FW,21,133
Marko Dmitrovic,GK,1,4
Marko Grujic,MF,9,82
Marko Pjaca,FW,4,48
Marko Rog,FW,2,35
Markus Suttner,DF,0,15
Marlon Santos,DF,1,14
Marouane Fellaini,MF,4,10
Marquinhos,DF,9,52
Marshall Munetsi,MF,1,16
Marten de Roon,MF,8,103
Martin Braithwaite,FW,6,52
Martin Dubravka,GK,0,0
Martin Erlic,DF,3,9
Martin Harnik,FW,13,77
Martin Hinteregger,DF,13,123
Martin Kelly,FW,0,7
Martin Terrier,FW,19,100
Martin Valjent,DF,0,15
Martín Aguirregabiria,DF,1,9
Martín Cáceres,DF,3,27
Martín Montoya,DF,0,24
Martín Zubimendi,MF,0,7
Marvelous Nakamba,MF,0,7
Marvin Bakalorz,MF,1,32
Marvin Ducksch,FW,1,18
Marvin Friedrich,DF,7,53
Marvin Plattenhardt,DF,1,36
Marvin Zeegelaar,DF,1,9
Marwin Hitz,GK,0,1
Mason Greenwood,FW,17,106
Mason Holgate,DF,1,22
Mason Mount,MF,13,160
Massadio Haidara,DF,2,12
Massimo Coda,FW,4,59
Massimo Gobbi,DF,0,9
Mat Ryan,GK,0,0
Matej Vydra,FW,5,53
Mateo Klimowicz,FW,1,33
Mateo Kovacic,MF,1,81
Mateo Musacchio,DF,1,20
Mateo Pavlovic,DF,4,36
Mateusz Klich,MF,4,36
Matheus Cunha,FW,7,70
Mathew Leckie,FW,7,47
Mathias Autret,MF,2,27
Mathieu Bodmer,MF,1,13
Mathieu Cafaro,MF,11,131
Mathieu Debuchy,DF,11,72
Mathieu Deplagne,DF,0,5
Mathieu Dossevi,FW,2,56
Mathías Olivera,DF,0,25
Matija Nastasic,DF,1,48
Mato Jajalo,MF,0,16
Mats Hummels,DF,8,98
Matt Doherty,DF,8,83
Matt Phillips,MF,4,50
Matt Ritchie,DF,7,136
Matt Targett,DF,2,24
Matteo Ahlinvi,MF,2,12
Matteo Darmian,DF,4,17
Matteo Guendouzi,MF,2,44
Matteo Lovato,DF,0,1
Matteo Pessina,MF,9,52
Matteo Politano,FW,26,275
Matteo Ricci,MF,0,21
Matteo Scozzarella,MF,0,12
Matthew Cash,DF,0,9
Matthew Hoppe,FW,6,20
Matthew Lowton,DF,1,29
Matthias Ginter,DF,10,89
Matthias Lehmann,MF,0,12
Matthias Ostrzolek,DF,0,21
Matthias Zimmermann,DF,2,31
Matthieu Dreyer,GK,0,0
Matthieu Udol,DF,0,13
Matthijs de Ligt,DF,5,37
Mattia Bani,DF,4,43
Mattia Caldara,DF,3,11
Mattia De Sciglio,DF,0,10
Mattia Destro,FW,21,90
Mattia Perin,GK,0,0
Mattia Sprocati,FW,2,24
Mattia Valoti,MF,8,72
Mattia Zaccagni,MF,8,58
Mattias Svanberg,MF,6,118
Matz Sels,GK,0,0
Matías Aguirregaray,DF,0,9
Matías Silvestre,DF,3,28
Matías Vargas,FW,0,21
Matías Vecino,MF,8,112
Mauricio Lemos,DF,0,16
Mauro Arambarri,MF,6,143
Mauro Icardi,FW,59,248
Max Aarons,DF,0,14
Max Gradel,FW,22,228
Max Meyer,MF,1,55
Maxence Caqueret,MF,0,9
Maxence Lacroix,DF,1,16
Maxence Rivera,MF,0,2
Maxi Gómez,FW,47,259
Maxi López,FW,2,28
Maxime Busi,DF,0,7
Maxime Gonalons,MF,0,22
Maxime Le Marchand,DF,0,17
Maxime Lopez,MF,3,43
Maxime Poundje,DF,0,25
Maximilian Arnold,MF,11,206
Maximilian Eggestein,MF,10,156
Maximilian Mittelstädt,DF,2,61
Maximilian Philipp,FW,16,87
Maxwel Cornet,FW,17,123
Maya Yoshida,DF,3,44
Mbaye Diagne,FW,3,25
Mehdi Abeid,MF,4,111
Mehdi Bourabia,MF,3,53
Mehdi Chahiri,FW,2,21
Mehdi Lacen,MF,0,7
Mehdi Leris,MF,1,45
Mehdi Zeffane,DF,1,21
Mehdi Zerkane,MF,1,15
Memphis Depay,FW,50,326
Mergim Mavraj,DF,0,5
Mergim Vojvoda,DF,2,6
Merih Demiral,DF,0,6
Mert Müldür,DF,2,28
Mesut Özil,MF,10,59
Mexer,DF,0,13
Michael Esser,GK,0,0
Michael Gregoritsch,MF,20,188
Michael Keane,DF,6,76
Michael Lang,DF,1,11
Michael Obafemi,FW,3,12
Michael Rensing,GK,0,0
Michael Santos,FW,1,18
Michail Antonio,FW,29,230
Michaël Cuisance,MF,2,34
Michy Batshuayi,FW,4,44
Mickaël Alphonse,DF,0,8
Mickaël Malsa,MF,1,24
Miguel Almirón,MF,8,88
Miguel Baeza,MF,1,11
Miguel Layún,DF,2,22
Miguel Trauco,DF,1,17
Miguel Veloso,MF,6,106
Miha Zajc,FW,4,74
Mihailo Ristic,DF,0,28
Miiko Albornoz,DF,1,11
Mijat Gacinovic,MF,1,96
Mikael Ishak,FW,4,39
Mike Frantz,MF,2,34
Mike Maignan,GK,0,1
Mike van der Hoorn,DF,1,15
Mikel Merino,MF,10,101
Mikel Oyarzabal,FW,46,254
Mikel Rico,MF,1,32
Mikel Vesga,MF,1,49
Milan Badelj,MF,5,79
Milan Skriniar,DF,7,64
Milos Jojic,MF,2,40
Milos Veljkovic,DF,2,23
Milos Vulic,MF,1,17
Milot Rashica,FW,20,175
Miralem Pjanic,MF,10,118
Miranda,DF,0,9
Mirco Antenucci,FW,16,117
Mirko Valdifiori,MF,0,11
Mitchel Bakker,DF,0,3
Mitchell Dijks,DF,1,11
Mitchell Weiser,DF,3,33
Modibo Sagnan,DF,0,5
Mohamed Ali-Cho,FW,0,10
Mohamed Diamé,MF,2,40
Mohamed Dräger,DF,1,14
Mohamed Elneny,MF,1,9
Mohamed Elyounoussi,MF,0,20
Mohamed Fares,DF,3,103
Mohamed Salah,FW,95,538
Mohamed Simakan,DF,1,24
Mohammed Salisu,DF,1,7
Moi Gómez,MF,11,84
Moise Kean,FW,19,116
Moreto Cassamã,MF,1,11
Morgan Gibbs-White,MF,0,8
Morgan Sanson,MF,18,128
Morgan Schneiderlin,MF,0,20
Moritz Bauer,DF,0,3
Morten Thorsby,MF,4,40
Moses Simon,DF,11,97
Mouctar Diakhaby,DF,3,23
Mounir Chouiar,FW,4,63
Mousa Dembélé,MF,0,11
Moussa Dembele,FW,32,175
Moussa Diaby,FW,11,114
Moussa Djenepo,MF,3,34
Moussa Doumbia,MF,5,86
Moussa Koné,FW,9,31
Moussa Niakhate,DF,5,50
Moussa Sissoko,MF,3,52
Moussa Sylla,FW,0,16
Muniain,MF,5,23
Musa Barrow,FW,18,194
Myziane Maolida,FW,4,34
Mário Rui,DF,3,78
Míchel,MF,2,10
Nabil Bentaleb,MF,7,36
Nabil El Zhar,MF,6,71
Nabil Fekir,MF,39,367
Naby Keita,MF,10,81
Nacer Chadli,MF,0,2
Nacho,DF,3,23
Nacho Monreal,DF,9,58
Nadiem Amiri,MF,5,128
Nahitan Nández,MF,4,58
Nahuel Estévez,MF,0,26
Nahuel Molina,DF,2,16
Naif Aguerd,DF,3,27
Naim Sliti,FW,10,120
Naldo,DF,7,47
Nampalys Mendy,MF,0,6
Nani,MF,3,14
Naranjo,FW,1,9
Nathan Aké,DF,8,68
Nathan Dyer,MF,0,10
Nathan Redmond,MF,13,222
Nathan Tella,FW,1,17
Nathan de Medina,DF,0,0
Nathanael Mbuku,MF,4,39
Nathaniel Chalobah,MF,0,9
Nathaniel Mendez-Laing,MF,4,20
Nathaniel Phillips,DF,1,15
Neal Maupay,FW,18,167
Nemanja Gudelj,MF,0,16
Nemanja Maksimovic,MF,4,91
Nemanja Matic,MF,2,43
Nemanja Radoja,MF,1,11
Nemanja Radonjic,FW,5,46
Nenad Tomovic,DF,0,25
Neto,GK,0,1
Neven Subotic,DF,4,32
Neymar,FW,40,231
Niccolò Zanellato,MF,1,5
Nick Pope,GK,0,0
Niclas Eliasson,MF,4,25
Niclas Füllkrug,FW,20,122
Nico Elvedi,DF,8,51
Nico Schlotterbeck,DF,1,22
Nico Schulz,DF,2,47
Nicola Murru,DF,0,29
Nicola Rigoni,MF,0,34
Nicola Sansone,FW,5,15
Nicolai Müller,MF,5,23
Nicolas Benezet,FW,6,56
Nicolas Burdisso,DF,0,10
Nicolas Cozza,DF,0,1
Nicolas Höfler,MF,3,69
Nicolas Pallois,DF,4,54
Nicolas Pepe,FW,50,280
Nicolas Viola,MF,5,18
Nicolas de Preville,FW,16,184
Nicolo Zaniolo,MF,10,95
Nicolás Domínguez,MF,1,28
Nicolás González,FW,8,109
Nicolás Otamendi,DF,6,62
Nicolás Spolli,DF,0,6
Nicolò Barella,MF,11,147
Niklas Moisander,DF,2,40
Niklas Stark,DF,3,44
Niklas Süle,DF,5,57
Niko Gießelmann,DF,1,40
Nikola Kalinic,FW,15,101
Nikola Maksimovic,DF,1,11
Nikola Milenkovic,DF,11,89
Nikola Vukcevic,MF,0,4
Nikolas Spalek,MF,2,25
Nils Petersen,FW,44,202
Nino,MF,0,3
Noah Katterbach,DF,0,12
Nolan Roux,FW,17,130
Nolito,FW,11,93
Nordi Mukiele,DF,7,70
Nordin Amrabat,FW,2,37
Nuri Sahin,MF,3,49
Nyom,MF,0,11
Néstor Araújo,DF,4,31
Nícolas,DF,0,0
Oier,GK,0,16
Oihan Sancet,FW,3,28
Okay Yokuslu,MF,2,42
Ola Toivonen,FW,0,19
Ole Selnaes,MF,0,26
Oleksandr Zinchenko,DF,0,32
Oliver Baumann,GK,0,0
Oliver Burke,FW,1,25
Oliver Fink,MF,3,12
Oliver McBurnie,FW,7,80
Oliver Norwood,MF,1,28
Oliver Sorg,DF,0,11
Olivier Giroud,FW,14,100
Ollie Watkins,FW,14,98
Omar Alderete,DF,0,6
Omar Colley,DF,2,43
Omar Mascarell,MF,1,20
Omenuke Mfulu,MF,0,3
Ondrej Duda,MF,19,111
Ondrej Petrák,MF,0,14
Onel Hernández,FW,1,29
Opa Nguette,FW,8,73
Orel Mangala,MF,1,35
Orestis Karnezis,GK,0,0
Oriol Romeu,MF,3,59
Oscar Hiljemark,MF,1,26
Oscar Wendt,DF,5,43
Oswaldo Vizcarrondo,DF,0,5
Otávio,MF,3,61
Oualid El Hajjam,DF,1,18
Ousmane Dembélé,FW,17,115
Oussama Haddadi,DF,3,16
Ozan Kabak,DF,6,22
Pablo De Blasis,FW,9,56
Pablo Fornals,MF,12,194
Pablo Hernández,MF,3,17
Pablo Hernández,MF,0,15
Pablo Hervías,DF,1,33
Pablo Insúa,DF,0,3
Pablo Maffeo,MF,1,36
Pablo Martinez,DF,3,14
Pablo Piatti,FW,3,45
Pablo Sarabia,MF,28,202
Pablo Zabaleta,DF,0,13
Paco Alcácer,FW,28,104
Panagiotis Retsos,DF,1,12
Panagiotis Tachtsidis,MF,0,27
Paolo Cannavaro,DF,0,5
Paolo Faragò,MF,4,62
Paolo Ghiglione,DF,0,33
Papa Ndiaga Yade,FW,3,28
Papakouly Diop,MF,3,108
Papy Djilobodji,DF,0,19
Pascal Groß,MF,15,128
Pascal Stenzel,DF,1,45
Pascal Struijk,DF,1,13
Pasquale Schiattarella,MF,2,44
Patric,DF,0,28
Patrick Bamford,FW,17,107
Patrick Burner,DF,1,21
Patrick Cutrone,FW,17,100
Patrick Erras,MF,0,7
Patrick Herrmann,FW,9,97
Patrick Roberts,FW,0,7
Patrick van Aanholt,DF,11,123
Patrik Schick,FW,24,171
Pau López,GK,0,0
Paul Baysse,DF,3,31
Paul Bernardoni,GK,0,0
Paul Dummett,DF,1,18
Paul Lasne,MF,5,86
Paul Nardi,GK,0,0
Paul Pogba,MF,23,234
Paul Verhaegh,DF,2,6
Paulinho,MF,9,51
Paulo Gazzaniga,GK,0,0
Paulo Otávio,DF,0,14
Pavel Kaderábek,DF,7,88
Pawel Dawidowicz,DF,1,19
Pawel Jaroszynski,DF,0,6
Pedri,MF,3,25
Pedro,DF,17,156
Pedro Alcalá,DF,1,15
Pedro Bigas,DF,3,18
Pedro Chirivella,MF,0,9
Pedro López,GK,0,3
Pedro Mendes,DF,5,36
Pedro Mosquera,MF,0,19
Pedro Obiang,MF,1,22
Pedro Pereira,DF,0,3
Pedro Porro,DF,0,23
Pere Milla,FW,4,30
Pere Pons,MF,4,46
Perparim Hetemaj,MF,5,57
Petar Skuletic,FW,3,43
Peter Crouch,FW,5,23
Peter Pekarík,DF,3,16
Petr Cech,GK,0,0
Phil Bardsley,DF,0,23
Phil Foden,FW,14,79
Phil Jagielka,DF,0,7
Phil Jones,DF,0,7
Philip Billing,MF,3,82
Philipp Bargfrede,MF,1,27
Philipp Förster,FW,3,20
Philipp Klement,MF,1,7
Philipp Lienhart,DF,4,16
Philipp Max,DF,14,78
Philipp Mwene,GK,1,7
Philipp Tschauner,GK,0,1
Philippe Coutinho,MF,21,164
Pierluigi Gollini,GK,0,0
Pierre Kunde,MF,4,69
Pierre Lees-Melou,MF,16,186
Pierre-Emerick Aubameyang,FW,67,303
Pierre-Emile Højbjerg,MF,6,129
Pierre-Yves Hamel,FW,4,23
Pierre-Yves Polomat,DF,0,5
Pierrick Capelle,MF,9,133
Pietro Iemmello,FW,2,20
Pietro Pellegri,FW,1,9
Pione Sisto,FW,9,100
Piotr Zielinski,MF,20,256
Pirmin Schwegler,MF,0,24
Pol Lirola,DF,4,51
Portu,FW,15,72
Predrag Rajkovic,GK,0,0
Prejuce Nakoulma,FW,3,27
Presnel Kimpembe,DF,0,26
Prince Oniangué,MF,2,23
Péter Gulácsi,GK,0,0
Quentin Boisgard,MF,3,41
Quincy Promes,DF,2,31
Quini,DF,1,8
Raba,MF,2,18
Rabbi Matondo,FW,2,23
Rachid Alioui,FW,11,110
Rachid Ghezzal,FW,4,59
Rade Krunic,MF,6,68
Radja Nainggolan,MF,17,248
Rafa Mir,FW,13,120
Rafael Czichos,DF,2,23
Rafael Leão,FW,20,125
Rafael Toloi,DF,6,101
Rafal Gikiewicz,GK,0,2
Raffaele Maiello,MF,0,10
Rafinha,DF,8,88
Ragnar Klavan,DF,1,13
Raheem Sterling,FW,65,334
Rajiv van La Parra,FW,3,44
Ralf Fährmann,GK,0,1
Ramy Bensebaini,DF,10,80
Ramón Azeez,MF,2,20
Randal Kolo Muani,FW,9,58
Rani Khedira,MF,6,45
Raphael Framberger,DF,0,2
Raphael Guerreiro,DF,15,112
Raphael Varane,DF,6,58
Rayan Ait Nouri,DF,0,4
Razvan Marin,MF,3,27
Raíllo,DF,1,14
Raúl Albentosa,DF,1,11
Raúl Albiol,DF,5,44
Raúl García,DF,5,69
Raúl Jiménez,FW,30,228
Raúl de Tomás,FW,14,115
Recio,MF,1,60
Reece James,DF,1,53
Reece Oxford,DF,0,6
Reinildo,DF,0,6
Reiss Nelson,FW,8,32
Remi Oudin,FW,14,132
Remi Walter,MF,2,9
Remiro,GK,0,0
Remo Freuler,MF,11,110
Renan Lodi,DF,2,29
Renato Steffen,MF,16,90
Renato Tapia,MF,0,17
Renaud Cohade,MF,1,37
Renaud Emond,FW,2,8
Renaud Ripart,MF,23,185
Rene Krhin,MF,1,17
Rhian Brewster,FW,0,25
Ricardo Pereira,DF,5,50
Ricardo Rodríguez,DF,1,70
Riccardo Gagliolo,DF,5,70
Riccardo Improta,MF,1,35
Riccardo Marchizza,DF,0,7
Riccardo Meggiorini,FW,3,45
Riccardo Montolivo,MF,1,12
Riccardo Orsolini,FW,23,213
Riccardo Saponara,MF,2,45
Riccardo Sottil,MF,2,40
Richarlison,FW,38,347
Rick Karsdorp,DF,1,13
Rick van Drongelen,DF,0,5
Ritsu Doan,MF,5,69
Riyad Mahrez,FW,39,260
Riza Durmisi,DF,2,18
Rob Holding,DF,0,14
Robbie Brady,MF,3,64
Rober,MF,1,8
Rober Correa,DF,0,6
Robert Andrich,MF,6,90
Robert Bauer,DF,0,10
Robert Beric,FW,16,60
Robert Elliot,GK,0,0
Robert Gumny,DF,1,6
Robert Lewandowski,FW,126,544
Robert Skov,DF,5,95
Robert Snodgrass,MF,7,51
Robert Sánchez,GK,0,0
Roberto Firmino,FW,45,340
Roberto Gagliardini,MF,12,98
Roberto Inglese,FW,25,147
Roberto Insigne,MF,2,39
Roberto López,MF,3,14
Roberto Massimo,DF,0,15
Roberto Pereyra,MF,19,139
Roberto Piccoli,FW,5,15
Roberto Rosales,DF,4,46
Roberto Santamaría,GK,0,0
Roberto Soldado,FW,16,62
Roberto Soriano,MF,16,153
Roberto Torres,MF,14,127
Robin Gosens,DF,24,141
Robin Knoche,DF,6,36
Robin Koch,DF,4,68
Robin Le Normand,DF,1,31
Robin Olsen,GK,0,0
Robin Quaison,FW,30,197
Robin Zentner,GK,0,1
Rodri,MF,9,115
Rodrigo,DF,35,260
Rodrigo Battaglia,MF,1,16
Rodrigo Bentancur,MF,2,56
Rodrigo Palacio,FW,19,189
Rodrigo de Paul,MF,29,308
Rodrygo,FW,3,41
Roger,DF,39,200
Rogerio,DF,2,41
Roland Sallai,MF,10,81
Rolando,DF,1,17
Rolando Mandragora,MF,8,170
Romain Amalfitano,MF,1,42
Romain Del Castillo,FW,2,48
Romain Faivre,MF,6,66
Romain Genevois,DF,0,4
Romain Hamouma,FW,15,110
Romain Perraud,DF,3,65
Romain Philippoteaux,FW,7,43
Romain Saiss,DF,7,62
Romain Salin,GK,0,0
Romain Thomas,DF,9,54
Romaine Sawyers,MF,0,4
Roman Bürki,GK,0,0
Romano Schmid,FW,0,18
Romelu Lukaku,FW,75,337
Ron-Robert Zieler,GK,0,0
Ronael Pierre Gabriel,DF,1,14
Ronald Araújo,DF,2,12
Ronaldo Vieira,MF,0,31
Ronny Rodelin,FW,5,135
Roque Mesa,MF,4,81
Ross Barkley,MF,7,119
Rouwen Hennings,FW,22,132
Ruben Aguilar,DF,2,43
Ruben Loftus-Cheek,FW,9,95
Rubén Alcaraz,MF,6,113
Rubén Blanco,GK,0,0
Rubén Duarte,DF,1,65
Rubén García,MF,11,86
Rubén Pardo,MF,1,21
Rubén Peña,DF,5,46
Rubén Pérez,MF,1,48
Rubén Rochina,MF,8,141
Rubén Sobrino,FW,7,56
Ruslan Malinovskiy,FW,16,146
Ryad Boudebouz,MF,4,66
Ryan Babel,FW,5,27
Ryan Bennett,DF,1,15
Ryan Bertrand,DF,2,63
Ryan Fraser,FW,13,122
Ryan Fredericks,DF,1,8
Ryan Sessegnon,DF,4,33
Ryan Shawcross,DF,1,24
Régis Gurtner,GK,0,0
Rémy Cabella,MF,16,142
Rémy Vercoutre,GK,0,0
Rúben Dias,DF,1,14
Rúben Vezo,DF,4,29
Rúnar Alex Rúnarsson,GK,0,0
Sacha Boey,DF,0,11
Sada Thioub,FW,5,72
Sadio Mané,FW,61,328
Said Benrahma,FW,1,35
Saido Berahino,FW,0,10
Saidou Sow,DF,0,2
Saidy Janko,DF,0,8
Saif-Eddine Khaoui,MF,10,99
Salif Sané,DF,8,56
Salih Özcan,MF,0,26
Salomon Kalou,FW,20,97
Salomón Rondón,FW,11,89
Salva Sevilla,MF,5,34
Salvador Ferrer,DF,0,3
Salvatore Molina,MF,1,15
Salvatore Sirigu,GK,0,0
Sam Byram,DF,0,15
Sam Clucas,MF,3,18
Sam Johnstone,GK,0,0
Sam Lammers,FW,2,9
Sam Vokes,FW,7,52
Saman Ghoddos,FW,4,43
Sami Khedira,MF,9,31
Samir,DF,6,32
Samu Castillejo,FW,13,142
Samuel Bastien,MF,1,15
Samuel Chukwueze,FW,12,137
Samuel Di Carmine,FW,8,31
Samuel Grandsir,FW,6,82
Samuel Kalu,FW,8,105
Samuel Moutoussamy,MF,2,31
Samuel Souprayen,DF,0,5
Samuel Umtiti,DF,1,9
Samuele Longo,FW,1,10
Sandro,MF,0,13
Sandro Ramírez,FW,9,117
Sandro Tonali,MF,1,38
Sanjin Prcic,MF,1,18
Santi Mina,FW,37,178
Santiago Arias,DF,1,9
Santiago Ascacibar,MF,0,30
Santiago Cazorla,MF,15,80
Santiago Comesaña,MF,1,8
Santiago Cáseres,MF,0,5
Sargis Adamyan,FW,7,44
Sasa Kalajdzic,FW,16,66
Saúl Ñíguez,MF,14,181
Scott Arfield,MF,2,18
Scott Dann,DF,2,31
Scott Malone,DF,0,8
Scott McTominay,MF,9,70
Sead Kolasinac,DF,3,40
Seamus Coleman,DF,2,35
Sean Longstaff,MF,1,40
Sean Morrison,DF,1,34
Sebastiaan Bornauw,DF,7,36
Sebastian Andersson,FW,15,103
Sebastian Griesbeck,MF,0,4
Sebastian Kerk,MF,0,18
Sebastian Langkamp,DF,0,10
Sebastian Prödl,DF,0,8
Sebastian Rode,MF,4,16
Sebastian Rudy,MF,3,65
Sebastian Schonlau,DF,2,12
Sebastian Vasiliadis,MF,1,37
Sebastian Walukiewicz,DF,0,3
Sebastiano Luperto,DF,0,5
Sebastien De Maio,DF,3,33
Sebastián Cristóforo,MF,0,8
Sehrou Guirassy,FW,23,129
Seko Fofana,MF,10,185
Senad Lulic,DF,7,66
Senou Coulibaly,DF,2,5
Sepe Elye Wahi,FW,3,12
Serge Aurier,DF,5,43
Serge Gakpe,FW,3,30
Serge Gnabry,FW,42,267
Sergej Milinkovic-Savic,MF,31,317
Sergi Darder,MF,7,136
Sergi Enrich,FW,14,172
Sergi Guardiola,FW,12,141
Sergi Gómez,DF,1,23
Sergi Palencia,DF,0,7
Sergi Roberto,DF,3,28
Sergio Agüero,FW,58,289
Sergio Asenjo,GK,0,0
Sergio Busquets,MF,3,26
Sergio Canales,MF,25,232
Sergio Córdova,FW,9,52
Sergio Escudero,DF,0,46
Sergio Floccari,FW,7,63
Sergio García,FW,4,74
Sergio Gómez,MF,0,9
Sergio Herrera,GK,0,0
Sergio León,FW,14,119
Sergio Mora,MF,0,6
Sergio Pellissier,FW,5,34
Sergio Postigo,DF,3,21
Sergio Ramos,DF,23,115
Sergio Reguilón,DF,2,48
Sergio Rico,GK,0,0
Sergio Álvarez,GK,0,12
Sergiño Dest,DF,2,14
Seydou Doumbia,FW,2,15
Shane Duffy,DF,6,72
Shane Long,FW,9,95
Sheraldo Becker,FW,3,31
Sheyi Ojo,FW,0,14
Shinji Kagawa,MF,5,24
Shinji Okazaki,MF,7,52
Shkodran Mustafi,DF,5,42
Shon Weissman,FW,6,39
Sidy Sarr,MF,0,21
Silvan Widmer,DF,3,11
Sime Vrsaljko,DF,0,3
Simon Banza,FW,5,35
Simon Falette,DF,1,15
Simon Francis,DF,0,19
Simon Kjaer,DF,2,29
Simon Mignolet,GK,0,0
Simon Terodde,FW,10,79
Simon Zoller,MF,2,9
Simone Bastoni,DF,1,21
Simone Calvano,MF,0,5
Simone Iacoponi,DF,2,21
Simone Missiroli,MF,2,51
Simone Padoin,DF,1,19
Simone Verdi,MF,16,207
Simone Zaza,FW,30,234
Sinaly Diomande,DF,0,16
Sofian Kiyine,MF,0,20
Sofiane Alakouch,DF,1,27
Sofiane Boufal,MF,5,99
Sofiane Diop,MF,7,44
Sofyan Amrabat,MF,1,29
Sol Bamba,DF,4,22
Solly March,DF,4,113
Son,DF,0,8
Son Heung-Min,FW,52,298
Soualiho Meité,MF,4,79
Souleyman Doumbia,DF,0,7
Souleymane Camara,FW,2,19
Stanislav Lobotka,MF,0,27
Steeve Yago,DF,0,0
Stef Peeters,MF,0,17
Stefan Bell,DF,2,37
Stefan Ilsanker,DF,1,21
Stefan Lainer,DF,3,40
Stefan Mitrovic,DF,3,30
Stefan Posch,DF,0,40
Stefan Radu,DF,1,28
Stefan Savic,DF,1,20
Stefan de Vrij,DF,13,64
Stefano Denswil,MF,1,11
Stefano Okaka,FW,19,109
Stefano Sabelli,DF,0,14
Stefano Sensi,MF,4,75
Stefano Sorrentino,GK,0,0
Stefano Sturaro,MF,1,18
Stephan El Shaarawy,FW,18,143
Stephan Lichtsteiner,DF,0,6
Stephen Ward,DF,1,7
Stephy Mavididi,FW,14,56
Stevan Jovetic,FW,14,80
Steve Cook,DF,4,54
Steve Mandanda,GK,0,0
Steve Mounie,FW,18,190
Steven Alzate,MF,1,20
Steven Bergwijn,FW,1,15
Steven Davis,MF,3,13
Steven Defour,MF,1,19
Steven Fortes,DF,0,5
Steven Moreira,DF,0,6
Steven Zuber,DF,6,73
Stipe Perica,FW,1,21
Stole Dimitrievski,GK,0,0
Stoppila Sunzu,DF,0,4
Streli Mamba,FW,5,23
Stuart Armstrong,MF,12,132
Stuart Dallas,DF,8,48
Stéphane Bahoken,FW,28,181
Stéphane Ruffier,GK,0,0
Stéphane Sessegnon,MF,1,20
Suat Serdar,MF,12,137
Suk Hyun-Jun,FW,3,21
Suso,FW,17,251
Sven Bender,DF,4,51
Sven Botman,DF,0,16
Sven Michel,FW,5,42
Sven Schipplock,FW,1,16
Sven Ulreich,GK,0,0
Sébastien Corchia,DF,0,21
Sébastien Haller,FW,34,177
Taiwo Awoniyi,FW,5,29
Takashi Inui,FW,10,169
Takashi Usami,FW,1,27
Takefusa Kubo,MF,5,78
Takehiro Tomiyasu,DF,3,35
Takuma Asano,FW,1,17
Tammy Abraham,FW,26,162
Tana,MF,1,14
Tanguy Coulibaly,DF,2,25
Tatsuya Ito,MF,0,12
Teemu Pukki,FW,11,80
Tejero,DF,0,6
Terence Kongolo,DF,1,14
Theo Hernández,DF,14,122
Theo Valls,MF,1,46
Theo Walcott,FW,10,102
Theodor Gebre Selassie,DF,11,76
Thiago Alcántara,MF,8,87
Thiago Maia,MF,0,17
Thiago Mendes,MF,3,126
Thiago Motta,MF,1,7
Thiago Silva,DF,3,42
Thibaut Courtois,GK,0,2
Thierry Ambrose,FW,0,42
Thierry Correia,DF,1,8
Thilo Kehrer,DF,3,17
Thomas Delaine,DF,3,24
Thomas Delaney,MF,7,96
Thomas Foket,DF,0,16
Thomas Heurtaux,DF,0,1
Thomas Lemar,MF,5,107
Thomas Mangani,MF,10,111
Thomas Meunier,DF,8,46
Thomas Monconduit,MF,3,76
Thomas Müller,MF,33,210
Thomas Ouwejan,DF,0,6
Thomas Partey,MF,9,116
Thomas Strakosha,GK,0,0
Thorgan Hazard,FW,28,223
Théo Pellenard,DF,0,1
Tiago Djaló,DF,0,2
Tiemoué Bakayoko,MF,6,105
Tim Kleindienst,FW,2,44
Tim Krul,GK,0,0
Tim Leibold,DF,0,28
Tim Ream,DF,0,1
Timo Baumgartl,DF,1,12
Timo Becker,DF,0,5
Timo Horn,GK,0,1
Timo Werner,FW,63,405
Timothy Castagne,DF,7,53
Timothy Chandler,DF,8,49
Timothy Fosu-Mensah,DF,0,8
Timothy Weah,FW,3,24
Timothée Kolodziejczak,DF,3,29
Tin Jedvaj,DF,2,23
Tinotenda Kadewere,FW,10,61
Tobias Strobl,MF,0,13
Toby Alderweireld,DF,3,44
Todd Cantwell,FW,6,42
Tolgay Arslan,MF,3,22
Tom Cairney,MF,1,24
Tom Carroll,MF,0,20
Tom Cleverley,MF,2,33
Tom Davies,MF,3,52
Tom Heaton,GK,0,1
Tom Ince,MF,2,70
Tom Trybull,MF,0,11
Tomas Koubek,GK,0,0
Tomer Hemed,FW,2,17
Tommaso Augello,DF,1,8
Tommaso Pobega,MF,6,22
Tommy Smith,DF,0,11
Tomás Rincón,MF,6,89
Tomás Vaclik,GK,0,0
Toni Kroos,MF,12,162
Toni Lato,DF,1,2
Tony Jantschke,DF,0,4
Tony Mauricio,MF,0,14
Tosin Adarabioyo,DF,0,18
Toño,DF,1,16
Trent Alexander-Arnold,DF,8,141
Trevoh Chalobah,DF,2,14
Trincão,FW,3,23
Tristan Dingome,MF,1,17
Troy Deeney,FW,24,145
Trézéguet,FW,8,85
Tuta,DF,0,4
Tyler Adams,DF,1,7
Tyler Roberts,MF,1,26
Tyrick Mitchell,DF,1,2
Tyrone Mings,DF,4,27
Téji Savanier,MF,17,154
Törles Knöll,FW,1,7
Umut Bozok,FW,2,30
Unai Bustinza,DF,2,27
Unai García,DF,0,5
Unai López,MF,4,53
Unai Núñez,DF,2,40
Unai Simón,GK,0,0
Unai Vencedor,MF,0,9
Uwe Hünemeier,DF,1,12
Valentin Eysseric,MF,3,28
Valentin Rongier,MF,6,158
Valentin Rosier,DF,0,29
Valentin Vada,MF,2,12
Valentino Lazaro,MF,7,53
Valerio Verre,MF,6,71
Valon Behrami,MF,2,27
Valon Berisha,MF,0,21
Valter Birsa,MF,5,76
Valère Germain,FW,22,143
Vasilis Torosidis,DF,0,2
Vedad Ibisevic,FW,23,119
Vedat Muriqi,FW,1,31
Vicente Guaita,GK,0,0
Vicente Iborra,MF,7,53
Victor Lindelöf,DF,3,19
Victor Moses,DF,3,35
Victor Osimhen,FW,23,152
Victor Wanyama,MF,1,11
Vincent Bessat,DF,0,17
Vincent Koziello,MF,0,4
Vincent Laurini,DF,0,4
Vincent Le Goff,DF,0,8
Vincent Manceau,DF,1,46
Vincent Pajot,MF,2,20
Vincenzo Grifo,MF,20,175
Vinícius Júnior,FW,8,120
Virgil Misidjan,FW,1,23
Virgil van Dijk,DF,9,62
Vitinha,MF,0,8
Vitolo,MF,3,24
Vitorino Antunes,DF,1,59
Vittorio Parigini,MF,0,30
Vlad Chiriches,DF,2,12
Vladimir Coufal,DF,0,15
Vladimir Darida,MF,4,95
Vladimir Golemic,DF,2,6
Vukasin Jovanovic,DF,0,5
Vágner,FW,4,20
Víctor Camarasa,MF,6,71
Víctor Campuzano,FW,0,16
Víctor Díaz,DF,1,21
Víctor Laguardia,DF,4,41
Víctor Rodríguez,MF,0,0
Víctor Ruiz,DF,4,17
Víctor Sánchez,MF,0,35
Wahbi Khazri,FW,32,236
Walace,MF,2,65
Waldemar Anton,DF,2,58
Waldo Rubio,MF,0,17
Wallace,DF,0,10
Walter Benítez,GK,0,0
Warren Tchimbembé,MF,0,6
Wataru Endo,MF,3,28
Wayne Hennessey,GK,0,0
Wayne Routledge,MF,0,5
Wendell,DF,4,42
Wes Morgan,DF,3,26
Wesley,FW,5,36
Wesley Fofana,DF,0,11
Wesley Hoedt,DF,0,17
Wesley Lautoa,MF,0,33
Wesley Said,FW,15,133
Weston McKennie,MF,9,94
Wilfred Ndidi,MF,5,138
Wilfried Bony,FW,2,19
Wilfried Zaha,FW,34,258
Will Hughes,MF,5,70
William,DF,3,49
William Carvalho,MF,2,25
William Saliba,DF,1,10
William Troost-Ekong,DF,0,14
Willian,FW,19,207
Winston Reid,DF,0,5
Wissam Ben Yedder,FW,65,271
Wojciech Szczesny,GK,0,0
Wout Faes,DF,1,11
Wout Weghorst,FW,53,252
Wylan Cyprien,MF,13,131
Xabi Prieto,MF,3,16
Xaver Schlager,MF,3,81
Xavier Chavalerin,MF,3,63
Xavier Quintillá,DF,0,3
Xeka,MF,5,95
Xherdan Shaqiri,FW,14,95
Ximo Navarro,DF,3,33
Yacine Adli,MF,5,41
Yacine Bammou,MF,5,39
Yan Valery,DF,2,6
Yangel Herrera,MF,5,80
Yann Karamoh,FW,6,78
Yann Sommer,GK,0,0
Yannick Bolasie,FW,1,19
Yannick Cahuzac,MF,2,15
Yannick Carrasco,MF,10,85
Yannick Gerhardt,MF,7,86
Yannis Salibur,FW,4,88
Yassin Benrahou,MF,0,18
Yassine Benzia,MF,1,29
Yassine El Ghanassy,FW,0,13
Yaya Sanogo,FW,12,121
Yeray Álvarez,DF,1,33
Yeremi Pino,FW,3,13
Yerry Mina,DF,4,47
Yevhen Konoplyanka,FW,4,54
Yoane Wissa,FW,10,59
Yoann Andreu,DF,0,5
Yoann Court,FW,3,33
Yoel Armougom,DF,0,11
Yohan Cabaye,MF,0,49
Yordan Osorio,DF,0,7
Yoshinori Muto,FW,10,65
Youcef Atal,DF,7,44
Younousse Sankhare,MF,8,57
Youri Tielemans,MF,14,163
Youssef Ait Bennasser,MF,0,23
Youssef En-Nesyri,FW,39,257
Youssouf Fofana,MF,2,48
Youssouf Kone,DF,0,5
Youssouf Sabaly,DF,1,35
Yunis Abdelhamid,DF,6,53
Yunus Malli,FW,6,63
Yunus Musah,MF,1,7
Yuri,DF,3,26
Yusuf Yazici,FW,8,65
Yuto Nagatomo,DF,0,4
Yuya Kubo,FW,1,29
Yuya Osako,FW,15,118
Yvan Neyou,MF,1,30
Yves Bissouma,MF,4,130
Zack Steffen,GK,0,0
Zakaria Bakkali,FW,0,25
Zaldúa,DF,2,24
Zan Majer,MF,1,19
Zaydou Youssef,MF,1,23
Zinedine Ferhat,FW,9,106
Zlatan Ibrahimovic,FW,25,146
Zlatko Junuzovic,MF,2,42
Zouhair Feddal,DF,5,31
Ádám Szalai,FW,13,138
Álex Fernández,MF,4,10
Álex Gallar,MF,4,27
Álex Moreno,DF,1,61
Álvaro Fernández,GK,0,1
Álvaro García,FW,4,27
Álvaro González,DF,3,58
Álvaro Medrán,MF,5,42
Álvaro Morata,FW,45,269
Álvaro Negredo,FW,8,47
Álvaro Odriozola,DF,0,8
Álvaro Vadillo,FW,3,17
Ángel,FW,18,106
Ángel Correa,FW,9,52
Ángel Di María,FW,36,330
Éder,FW,3,27
Étienne Didot,MF,3,37
Éver Banega,MF,9,109
Íñigo Lekue,DF,0,20
Óliver Torres,MF,3,26
Óscar Duarte,DF,1,7
Óscar Melendo,MF,1,20
Óscar Mingueza,DF,2,12
Óscar Plano,MF,12,124
Óscar Rodríguez,MF,13,133
Óscar Trejo,MF,1,20
Ömer Toprak,DF,2,23
